-- phpMyAdmin SQL Dump
-- version 4.9.5deb2
-- https://www.phpmyadmin.net/
--
-- Host: mysql.stud.ntnu.no
-- Generation Time: 07. Jun, 2021 21:58 PM
-- Tjener-versjon: 5.7.33-0ubuntu0.16.04.1
-- PHP Version: 7.4.3

SET SQL_MODE = "NO_AUTO_VALUE_ON_ZERO";
SET AUTOCOMMIT = 0;
START TRANSACTION;
SET time_zone = "+00:00";


/*!40101 SET @OLD_CHARACTER_SET_CLIENT=@@CHARACTER_SET_CLIENT */;
/*!40101 SET @OLD_CHARACTER_SET_RESULTS=@@CHARACTER_SET_RESULTS */;
/*!40101 SET @OLD_COLLATION_CONNECTION=@@COLLATION_CONNECTION */;
/*!40101 SET NAMES utf8mb4 */;

--
-- Database: `jonatso_algorithms`
--

-- --------------------------------------------------------

--
-- Tabellstruktur for tabell `algs`
--

CREATE TABLE `algs` (
  `alg_id` int(11) NOT NULL,
  `case_id` int(11) NOT NULL,
  `alg` varchar(80) NOT NULL,
  `time_added` datetime NOT NULL,
  `in_use` tinyint(1) NOT NULL
) ENGINE=InnoDB DEFAULT CHARSET=latin1;

--
-- Dataark for tabell `algs`
--

INSERT INTO `algs` (`alg_id`, `case_id`, `alg`, `time_added`, `in_use`) VALUES
(1, 1, 'R\' U\' R U\' R\' U2 R2 U\' L\' U R\' U\' L', '2020-09-23 00:55:18', 0),
(2, 1, 'R U\' R\' U\' R U2 R\' U\' R\' D\' R U2 R\' D R', '2020-09-23 00:55:43', 0),
(21, 178, 'y2 r\' F\' U\' F2 U R U\' R\' F\' R U M\'	', '2020-09-25 11:54:32', 1),
(24, 2, 'y\' R U2 R D R\' U2 R D\' R\' U2 R\' U\' R U\' R\'', '2020-09-25 19:06:51', 1),
(25, 3, 'y2 R2 D r\' U2 r D\' R\' U2 R\'', '2020-09-25 19:14:34', 1),
(26, 4, 'y R2 D R\' U R D\' R2 U R U2 R\'', '2020-09-25 19:15:03', 1),
(27, 5, 'y\' R U2 R2 D\' R U2 R\' D R2 U\' R\' U2 R U2 R\'', '2020-09-25 19:15:12', 1),
(28, 6, 'y2 R2 D R\' U2 R D\' R\' U2 R\'', '2020-09-25 19:15:24', 1),
(29, 7, 'y2 R\' D\' r U2 r\' D R U2 R U\' R\' U\' R U\' R\'', '2020-09-25 19:17:43', 1),
(30, 8, 'R\' U\' R U R U R\' U\' R\' U F R U R U\' R\' F\'', '2020-09-25 19:17:56', 1),
(31, 9, 'y R\' U\' L U\' R U L\' U R\' U\' R U\' R\' U R', '2020-09-25 19:18:13', 1),
(33, 10, 'y\' R2 D\' R U\' R\' D R2 U R\' U R U2 R\' U R U2 R\' U\' R', '2020-09-25 19:19:52', 1),
(34, 11, 'y\' R\' U\' R U\' L U\' R\' U2 L\' U2 R U\' L U2 L\'', '2020-09-25 19:20:22', 0),
(35, 12, 'y\' R U\' R\' U R U R\' U2 R\' D\' R U R\' D R2 U R\'', '2020-09-25 19:20:41', 1),
(36, 13, 'R2 D\' r U2 r\' D R U2 R', '2020-09-25 19:20:50', 1),
(37, 14, 'y R2 D\' R U\' R\' D R2 U\' R\' U2 R', '2020-09-25 19:21:01', 1),
(38, 15, 'y2 R U R\' U R U2 R2 U L U\' R U L\'', '2020-09-25 19:21:20', 1),
(39, 16, 'y\' R\' U2 R\' D\' R U2 R\' D R U2 R U R\' U R', '2020-09-25 19:21:28', 1),
(40, 17, 'R2 D\' R U2 R\' D R U2 R', '2020-09-25 19:21:34', 1),
(41, 18, 'y\' R\' U2 R2 D R\' U2 R D\' R2 U R U2 R\' U2 R', '2020-09-25 19:22:04', 1),
(42, 19, 'R D r\' U2 r D\' R\' U2 R\' U R U R\' U R', '2020-09-25 19:23:07', 1),
(43, 20, 'R U\' R\' D R\' U\' R D\' R2 U R\' U\' R\' U2 R\'', '2020-09-25 19:23:21', 1),
(44, 21, 'y\' R2 D R\' U R D\' R2\' U\' R U\' R\' U2 R U\' R\' U2 R U R\'', '2020-09-25 19:26:17', 1),
(45, 22, 'y R U L\' U R\' U\' L U\' R U R\' U R U\' R\' ', '2020-09-25 19:27:27', 1),
(46, 23, '	 y\' R\' U R U\' R\' U\' R U2 R D R\' U\' R D\' R2\' U\' R', '2020-09-25 19:27:54', 1),
(47, 24, 'y\' R U R\' U2 F2 R U2 R\' U2 R\' F2 R2 U R\'', '2020-09-25 19:28:35', 1),
(48, 25, 'R\' F R U\' R\' U\' R U R\' F\' R U R\' U\' R\' F R F\' R', '2020-09-25 19:28:43', 1),
(49, 26, 'y2 R2\' F2 R F2 R U\' R\' U L\' U L U\' R', '2020-09-25 19:30:31', 1),
(50, 27, 'y\' F2 R U\' R\' U\' R U R\' F\' R U R\' U\' R\' F R F2', '2020-09-25 19:30:41', 1),
(53, 28, 'R2 B2 R\' B2 R\' U R U\' L U\' L\' U R\'', '2020-09-25 19:35:29', 1),
(54, 29, 'y\' r U R\' U\' r\' F R U R\' U\' R F\' R\' U R', '2020-09-25 19:35:45', 1),
(55, 30, 'y\' R\' U\' R F R\' U R U\' R\' F\' r U R U\' r\'', '2020-09-25 19:36:01', 1),
(58, 33, 'y F U R U2 R\' U R U R2 F\' r U R U\' r\'', '2020-09-25 19:39:16', 1),
(59, 34, 'y R U R\' U R U2 R\' U R U2 R D R\' U2 R D\' R2', '2020-09-25 19:39:24', 1),
(60, 35, 'y\' r U R\' U\' r\' F R2 U\' R\' U\' R U2 R\' U\' F\'', '2020-09-25 19:39:33', 1),
(61, 36, 'y\' R2 D R\' U2 R D\' R\' U2 R\' U\' R U2 R\' U\' R U\' R\'', '2020-09-25 19:39:42', 1),
(62, 37, 'y2 R U R\' U\' L\' U2 R U R\' U2 L R U\' R\'', '2020-09-25 19:40:04', 1),
(63, 38, 'y\' R U2 R\' U\' R U\' R D\' R U2 R\' D R U2 R', '2020-09-25 19:40:22', 1),
(64, 39, 'R\' U\' R F U\' R\' U\' R U F\' U R\' U R', '2020-09-25 19:40:30', 1),
(65, 40, 'y\' R\' U2 R U R\' U R\' D R\' U2 R D\' R\' U2 R\'', '2020-09-25 19:40:36', 1),
(66, 41, 'x\' R2 D2 R\' U2 R D2 R\' U2 R\' x', '2020-09-25 19:40:56', 1),
(67, 42, 'y2 x R2 D2 R U2 R\' D2 R U2 R x\'', '2020-09-25 19:41:05', 1),
(68, 43, 'F R U\' R\' U R U R\' U R U\' R\' F\'', '2020-09-25 19:41:27', 1),
(69, 44, 'y F\' R U R\' U\' R\' F R2 U R\' U2 R U R\' U2 R U\' R\'', '2020-09-25 19:41:43', 1),
(70, 45, 'y\' F R\' F\' r U R U\' r2\' F\' r U\' L\' U2 L', '2020-09-25 19:43:47', 1),
(71, 46, 'y F\' r U R\' U\' r\' F R2 U R\' U R U2 R\'', '2020-09-25 19:44:51', 1),
(72, 47, 'R\' U2 R U R\' U R\' D\' R U\' R\' D R U R', '2020-09-25 19:45:04', 0),
(73, 48, 'R U\' R\' U\' R U2 R\' U2 R\' D\' R U\' R\' D R', '2020-09-25 19:45:17', 1),
(74, 49, 'y F\' U L U\' L\' U\' F L U2 L\'', '2020-09-25 19:48:30', 1),
(75, 50, 'y\' F R U R\' U\' R U R\' U\' F2 L\' U\' L U F', '2020-09-25 19:48:49', 1),
(76, 51, 'R U R\' U L\' U R U\' R\' L U\' R U\' R\'', '2020-09-25 19:49:23', 1),
(77, 52, 'R\' U2 R F U\' R\' U\' R U F\'', '2020-09-25 19:49:38', 1),
(78, 53, 'F R U\' R\' U\' R U2 R\' U\' R U\' R\' U\' R U2 R\' U\' F\'', '2020-09-25 19:50:00', 1),
(79, 54, 'y\' r U R\' U\' M U R U\' R\' F R U R\' U\' F\'', '2020-09-25 19:50:21', 0),
(80, 55, 'y R\' U\' R L U2 R\' U\' R L\' U\' L U\' L\'', '2020-09-25 19:51:42', 0),
(81, 56, 'y R U R\' L\' U2 R U R\' L U L\' U L', '2020-09-25 19:51:53', 0),
(82, 57, 'L U2 L\' F\' U L U L\' U\' F', '2020-09-25 19:52:01', 1),
(83, 58, 'y F R U R\' U\' F\' R\' F R2 B\' R2 F\' R2 B R\'', '2020-09-25 19:53:25', 1),
(84, 59, 'y\' F U\' R\' U R U F\' R\' U2 R', '2020-09-25 19:53:36', 1),
(85, 60, 'y2 R U R\' U L\' R U R\' U\' L U\' R U\' R\'', '2020-09-25 19:53:54', 1),
(86, 61, 'y\' R\' U\' R U R\' U R U2 R\' U R U2 R\' U\' R', '2020-09-25 19:54:08', 1),
(87, 62, 'y\' R U R\' U\' R U\' R\' U2 R U\' R\' U2 R U R\'', '2020-09-25 19:54:19', 1),
(88, 63, 'y R U2 R\' U\' R U\' R\' U\' R U R\' U R U2 R\'', '2020-09-25 19:54:26', 1),
(89, 64, 'y R\' U2 R2 U R2 U R U\' R U R\' U\' R U\' R\'', '2020-09-25 19:54:38', 1),
(90, 65, 'y R\' U2 R U R\' U R U R\' U\' R U\' R\' U2 R', '2020-09-25 19:54:43', 1),
(91, 66, 'y R U2 R2 U\' R2 U\' R\' U R\' U\' R U R\' U R', '2020-09-25 19:54:51', 1),
(95, 67, 'y2 R U R\' U R\' U\' R U R U2 R\' U2 R\' U2 R', '2020-09-25 19:55:56', 1),
(96, 68, 'R\' U\' R U\' R U R\' U\' R\' U2 R U2 R U2 R\'', '2020-09-25 19:56:13', 1),
(97, 69, 'R\' U\' R U\' R\' U2 R2 U R\' U R U2 R\'	', '2020-09-25 19:56:23', 1),
(98, 70, 'y2 R U R\' U R U2 R2 U\' R U\' R\' U2 R	', '2020-09-25 19:56:28', 1),
(99, 71, 'R U R\' U\' R\' U R U R U\' R\' U R\' U R U2 R\' U\' R', '2020-09-25 19:56:55', 1),
(100, 72, 'y R U2 R\' U\' R U\' R\' U2 R\' U2 R U R\' U R', '2020-09-25 19:58:04', 1),
(101, 73, 'y R\' U\' R U\' R\' U\' L\' U\' L R U2 L\' U\' L', '2020-11-01 21:58:58', 1),
(102, 74, 'y R\' U2 R2 U R\' U\' R\' U2 F\' R U2 R U2 R\' F', '2020-11-01 21:59:33', 1),
(103, 75, 'R2 F2 R U2 R U2 R\' F2 R U\' R\' U R', '2020-11-01 22:00:03', 0),
(104, 76, 'y R2 U R2 U R2 U\' R D R\' U\' R D\' R', '2020-11-01 22:00:18', 0),
(105, 77, 'y F R U R\' U\' R U R\' U\' F\' R U R\' U\' R\' F R F\'', '2020-11-01 22:00:41', 1),
(106, 78, 'y2 R\' U\' R\' D\' R U R\' D R2', '2020-11-01 22:00:56', 0),
(107, 79, 'R\' U2 R F U\' R\' U R U F\' R\' U R', '2020-11-01 22:01:18', 1),
(108, 80, 'y\' R\' U\' R U R\' U R L\' U R\' U\' R L', '2020-11-01 22:04:22', 1),
(109, 81, 'y F U R U2 R\' U R U R\' F\'', '2020-11-01 22:04:30', 1),
(110, 82, 'y R U R\' U\' R\' F\' R U2 R U2 R\' F', '2020-11-01 22:05:13', 1),
(111, 83, 'x\' M\' U\' R U L\' U\' R\' U\' R U R\' U R', '2020-11-01 22:05:39', 1),
(112, 84, 'y\' R\' U R U R\' U\' R\' D\' R U2 R\' D R U R', '2020-11-01 22:06:22', 1),
(113, 85, 'L2 F2 L\' U2 L\' U2 L F2 L\' U L U\' L\'', '2020-11-01 22:06:32', 0),
(114, 86, 'R D\' R\' U R2 U\' R2 U\' R2 U2 R\' D R\'', '2020-11-01 22:06:40', 1),
(115, 87, 'y R U R\' U R U R\' U2 L R U\' R\' U L\'', '2020-11-01 22:07:14', 1),
(116, 88, 'y2 F R U R\' U\' R\' F\' U2 R U R U\' R2 U2 R', '2020-11-01 22:07:28', 1),
(117, 89, 'R U R D R\' U\' R D\' R2', '2020-11-01 22:07:36', 1),
(118, 90, 'R2\' D\' R U2 R\' D R2 U R\' U\' R U R\' U\' R U R\' U R', '2020-11-01 22:11:18', 1),
(119, 91, 'L U2 L\' F\' U L U\' L\' U\' F L U\' L\'', '2020-11-01 22:13:05', 1),
(120, 92, 'y\' R U R\' U\' R U\' R\' L U\' R U R\' L\'', '2020-11-01 22:13:40', 0),
(121, 93, 'y\' R U2 R\' U2 R\' F R U R U\' R\' F\'', '2020-11-01 22:13:47', 1),
(122, 94, 'y\' F\' U\' L\' U2 L U\' L\' U\' L F', '2020-11-01 22:14:46', 1),
(123, 95, 'y\' R U\' r\' U2 F\' U2 F U2 M\'', '2020-11-01 22:15:02', 1),
(124, 96, 'y2 R L\' U R\' U\' L U R U R\' U\' R U\' R\'', '2020-11-01 22:16:16', 1),
(125, 97, 'R\' U R U2 L\' R\' U R U\' L', '2020-11-01 22:16:25', 1),
(127, 98, 'y F\' U\' F R U R\' U\' x\' R2 U\' R\' U R\' x', '2020-11-01 22:16:58', 1),
(128, 99, 'y2 R U\' R\' U2 L R U\' R\' U L\'', '2020-11-01 22:17:09', 1),
(129, 100, 'y f R f\' R\' U\' R U R2 F R F\' R', '2020-11-01 22:18:54', 1),
(130, 101, 'r\' U\' R\' F2 R F\' R\' F2 R2 U\' R\' U2 r', '2020-11-01 22:19:24', 1),
(131, 102, 'R\' U2 R U R\' U R F U R U2 R\' U R U R\' F\'', '2020-11-01 22:20:41', 1),
(132, 103, 'y2 r U\' r U2 R\' F R U2 r2 F', '2020-11-01 22:21:26', 1),
(133, 104, 'R U R\' U\' R\' U L\' U2 R U\' R\' U2 L R2 U\' R\'', '2020-11-01 22:22:24', 0),
(134, 105, 'y2 R\' U\' R U\' R\' U R F U\' R\' U2 R U F\'', '2020-11-01 22:23:28', 1),
(135, 106, 'R U R\' U R U\' R\' U\' L\' U2 R U2 R\' U2 L', '2020-11-01 22:23:41', 1),
(136, 107, 'F U\' R\' U2 R U F\' R\' U\' R U R\' U R', '2020-11-01 22:24:35', 1),
(137, 108, 'y L\' U2 R U2 R\' U2 L U R U R\' U\' R U\' R\'', '2020-11-01 22:24:42', 1),
(138, 109, 'y R U R\' L\' U2 R U\' R\' U2 L U R U\' R\'', '2020-11-01 22:24:51', 1),
(139, 110, 'R\' U2 R\' D\' R U2 R\' D R\' U R\' U R U2 R\'', '2020-11-01 22:25:02', 1),
(140, 111, 'y R\' U\' R U\' F U\' R\' U R U F\' R\' U R', '2020-11-01 22:25:11', 1),
(141, 112, 'y2 R U2 R D R\' U2 R D\' R U\' R U\' R\' U2 R', '2020-11-01 22:25:18', 1),
(142, 113, 'y\' l\' U2 R\' D2 R U2 R\' D2 R2 x\'', '2020-11-01 22:25:31', 1),
(143, 114, 'y\' l U2 R D2 R\' U2 R D2 R2 x', '2020-11-01 22:25:40', 1),
(144, 115, 'y2 F R U R\' U\' R U\' R\' U\' R U R\' F\'', '2020-11-01 22:25:49', 1),
(145, 116, 'y\' R U R\' U2 R U\' R\' U2 R U\' R2 F\' R U R U\' R\' F', '2020-11-01 22:26:50', 1),
(146, 117, 'y R\' U\' R\' D\' R U R\' D R U\' R U\' R\' U2 R', '2020-11-01 22:27:04', 1),
(147, 118, 'y R U R D R\' U\' R D\' R\' U R\' U R U2 R\'', '2020-11-01 22:27:13', 1),
(148, 119, 'R\' U R2 D R\' U R D\' R\' U R\' U\' R U\' R\' U\' R', '2020-11-01 22:27:27', 1),
(149, 120, 'R U R\' U L\' U2 L U L\' U2 R U\' M\' x\'', '2020-11-01 22:27:38', 1),
(150, 121, 'F U R\' D\' r U2 r\' D R2 U\' R\' U F\'', '2020-11-01 22:29:10', 1),
(151, 122, 'R\' U D\' R U2 R\' D R\' U\' R U2 R\' U\' R2', '2020-11-01 22:29:21', 1),
(152, 123, 'y R U\' R2 D\' r U2 r\' D R2 U\' R\' U\' R U\' R\'', '2020-11-01 22:29:29', 1),
(153, 124, 'R2 U R\' D\' R U R\' D R\' U\' R2 U\' R2', '2020-11-01 22:30:05', 1),
(154, 125, 'z D R2 D\' R U R\' D R U2 R D\' R\' U z\'', '2020-11-01 22:31:53', 1),
(155, 126, 'y2 R2 F R U R\' U\' R\' F\' R\' U\' R2 U2 R U2 R', '2020-11-01 22:32:03', 1),
(156, 127, 'y2 R U\' R2 D\' r U2 r\' D R2 U R\'', '2020-11-01 22:32:22', 1),
(157, 128, 'R\' U R2 D r\' U2 r D\' R2 U\' R', '2020-11-01 22:32:28', 1),
(158, 129, 'y2 R2 U\' R D R\' U\' R D\' R U R2 U R2', '2020-11-01 22:32:37', 1),
(159, 130, 'y\' R\' D R\' U R U2 R\' U R D\' R U2 R\' U\' R', '2020-11-01 22:34:13', 1),
(160, 131, 'y\' R2 U\' R U F\' U2 R\' U2 R F U\' R', '2020-11-01 22:34:24', 1),
(161, 132, 'y R U R\' U R U R2 D\' r U2 r\' D R2 U R\'', '2020-11-01 22:34:30', 1),
(162, 133, 'y\' R\' U\' R U\' R\' U2 R U R\' U2 R U R\' U R', '2020-11-01 22:34:50', 1),
(163, 134, 'R\' U R U2 R\' U\' R U2 R\' U\' R U\' R\' U R', '2020-11-01 22:35:02', 1),
(164, 135, 'y\' R U R\' U R U\' R\' U R\' U\' R2 U\' R2 U2 R', '2020-11-01 22:35:09', 1),
(165, 136, 'R U2 R\' U\' R U\' R\' U R U R\' U R U2 R\'', '2020-11-01 22:35:15', 1),
(166, 137, 'y\' R\' U\' R U\' R\' U R U\' R U R2 U R2 U2 R\'', '2020-11-01 22:35:22', 1),
(167, 138, 'y2 R\' U2 R U R\' U R U\' R\' U\' R U\' R\' U2 R', '2020-11-01 22:35:30', 1),
(168, 139, 'y\' R\' U\' R2 U R2 U R2 U2 R\' U R\' U R', '2020-11-01 22:36:54', 1),
(169, 140, 'y\' R U R2 U\' R2 U\' R2 U2 R U\' R U\' R\'', '2020-11-01 22:37:31', 1),
(171, 141, 'R U2 R\' U\' R U\' R2 U2 R U R\' U R', '2020-11-01 22:42:01', 1),
(172, 142, 'y2 R\' U2 R U R\' U R2 U2 R\' U\' R U\' R\'', '2020-11-01 22:42:06', 1),
(173, 143, 'R\' U R U2 R\' U\' R U\' R U R\' U\' R\' U\' R U R U\' R\'', '2020-11-01 22:42:12', 1),
(174, 144, 'y\' R U R\' U R U2 R\' U2 R\' U\' R U\' R\' U2 R', '2020-11-01 22:42:19', 1),
(175, 140, 'R U\' R2\' F R F\' R U\' f R\' f\' U\' R\'	', '2020-11-01 22:48:35', 0),
(176, 145, 'y2 R\' U\' R U\' R\' U2 R\' D\' R U2 R\' D R U2 R', '2020-11-01 23:12:55', 1),
(177, 146, 'R U\' L\' U R\' U\' L2 U2 L\' U\' L U\' L\'', '2020-11-01 23:14:27', 1),
(178, 147, 'R D r\' U2 r D\' R\' U2 R\' U\' R', '2020-11-01 23:15:49', 1),
(179, 148, 'y\' R\' U2 R\' D\' r U2 r\' D R2', '2020-11-01 23:16:16', 1),
(180, 150, 'y\' R\' U2 R\' D\' R U2 R\' D R2', '2020-11-01 23:16:39', 1),
(181, 151, 'y2 R\' U\' R U\' R\' U\' R U2 R D r\' U2 r D\' R\'', '2020-11-01 23:18:21', 1),
(182, 152, 'R U2 R\' F U2 F\' U\' R F U\' F\' U2 R\'', '2020-11-01 23:18:32', 1),
(183, 153, 'y\' R U\' R D R\' U\' R U2 R\' U\' R D\' U\' R\' U R\'', '2020-11-01 23:19:01', 1),
(186, 154, 'y\' R U R\' U\' R U\' R\' U L\' U R U\' L U\' R\'', '2020-11-01 23:19:44', 1),
(187, 155, 'y\' R\' U R2 D R\' U R D\' R\' U2 R\' U R U R\' U\' R', '2020-11-01 23:20:03', 1),
(195, 157, 'y R U R\' U\' R B2 R\' U2 R U2 R B2 R2', '2020-11-01 23:25:27', 1),
(196, 158, 'R\' U\' R U2 L\' U R\' U R U\' R\' U2 R L	', '2020-11-01 23:25:50', 1),
(197, 159, 'y\' L U\' R U R\' L\' U2 R U\' R\' U\' R U\' R\'	', '2020-11-01 23:26:03', 1),
(198, 160, 'y\' R\' U2 R2 U R\' U\' R\' U2 F R U R U\' R\' F\'	', '2020-11-01 23:26:12', 1),
(199, 161, 'y\' R\' U\' R U\' R\' U R U\' R\' U R U\' R2 D\' R U2 R\' D R2	', '2020-11-01 23:26:18', 1),
(200, 162, 'y R2 D R\' U R D\' R\' U\' R\'', '2020-11-01 23:26:58', 1),
(203, 164, 'y\' L R U\' R\' U L\' R U R\' U R U\' R\'', '2020-11-01 23:29:08', 1),
(204, 165, 'S U2 R\' U2 R U2 F R f\' ', '2020-11-01 23:30:15', 1),
(205, 166, 'y\' R U R\' U R U\' R\' U\' L\' U R U\' M\' x\'', '2020-11-01 23:30:32', 1),
(206, 167, 'F R U R\' U\' R\' F\' R U2 R U2 R\'', '2020-11-01 23:31:03', 1),
(208, 169, 'y2 R\' U\' R U R\' F2 R U2 R\' U2 R\' F2 R2', '2020-11-01 23:31:47', 0),
(209, 170, 'L\' U R\' U\' R L U2 R\' U R U R\' U R ', '2020-11-01 23:35:03', 1),
(210, 171, 'y\' R U R\' U2 L U\' R U\' R\' U R U2 R\' L\'', '2020-11-01 23:35:21', 1),
(211, 172, 'y F\' R U2 R\' U2 R\' F U2 R U R U\' R2 U2 R', '2020-11-01 23:36:10', 1),
(212, 173, 'y2 R2 D\' R U\' R\' D R U R', '2020-11-01 23:36:30', 0),
(213, 174, 'R U R\' U R U\' R\' U R U\' R\' U R2 D R\' U2 R D\' R2\'', '2020-11-01 23:38:03', 1),
(214, 175, 'L\' R\' U R U\' R\' L U\' R U\' R\' U R', '2020-11-01 23:38:58', 1),
(216, 176, 'R\' U\' R F U\' R\' U\' R U F\' R\' U2 R', '2020-11-01 23:39:28', 1),
(217, 177, 'y F\' R U2 R\' U2 R\' F R U R U\' R\'', '2020-11-01 23:39:39', 1),
(220, 180, 'y2 F R U\' R\' U\' R U2 R\' U\' F\'', '2020-11-01 23:41:49', 1),
(221, 181, 'y R U R\' U R U2 R D R\' U2 R D\' R\' U2 R\'', '2020-11-01 23:42:04', 0),
(222, 182, 'y R U2 R\' U\' R2 D R\' U\' R D\' R2', '2020-11-01 23:42:17', 1),
(223, 183, 'y L\' U R U\' L U R2 U2 R U R\' U R', '2020-11-01 23:43:15', 1),
(224, 184, 'R U2 R D r\' U2 r D\' R2', '2020-11-01 23:43:35', 1),
(225, 185, 'R U2 R D R\' U2 R D\' R2', '2020-11-01 23:43:43', 1),
(226, 187, 'y F R U R\' U\' R\' F\' U\' R U R U\' R\' U\' R\' U R', '2020-11-01 23:45:47', 1),
(227, 188, 'y R U R\' U R U R\' U2 R\' D\' r U2 r\' D R', '2020-11-01 23:47:45', 1),
(229, 189, 'R U\' R2\' D\' R U\' R\' D R U2 R U\' R\' U\' R U R\'	', '2020-11-01 23:49:14', 1),
(230, 190, 'R\' U\' R U R\' U R U\' L U\' R\' U L\' U R', '2020-11-01 23:49:39', 0),
(231, 191, 'R\' U R\' D\' R U R\' U2 R U R\' U D R U\' R', '2020-11-01 23:50:32', 1),
(232, 193, 'r U2 r2 F R F\' r2 R\' U2 r\'', '2020-11-01 23:51:12', 1),
(234, 195, 'y2 L\' U2 L U R U2 L\' U\' M\' x\' U\' R U\' R\'', '2020-11-01 23:52:14', 1),
(236, 197, 'y\' r U M U R\' U\' r U\' r\' F U R U\' R\' F\'', '2020-11-01 23:52:57', 1),
(237, 198, 'F R U R\' U\' F\' r U r\' U R U\' M\' U\' r\'', '2020-11-01 23:53:08', 1),
(241, 199, 'y\' M U r\' x\' F2 R U\' R\' F2 r2 U\' R\' x', '2020-11-01 23:56:59', 0),
(243, 201, ' r U2 R2 F R F\' R U2 r\'', '2020-11-01 23:59:45', 1),
(244, 202, 'F R U R2 F R F\' R U\' R\' F\'', '2020-11-02 00:00:04', 1),
(246, 203, 'y R\' F2 r2 U\' r\' F r\' F2 R', '2020-11-02 00:03:42', 1),
(247, 204, 'y\' R U D\' R U R\' D R2 U\' R U R2 U2 R\'', '2020-11-02 00:05:44', 1),
(248, 205, 'y2 R2 U R\' U R\' U\' R U\' R\' U\' R U R U\' R2', '2020-11-02 00:07:42', 1),
(249, 206, 'R U2 R\' U\' R U\' R\' U R\' U2 R U R\' U R', '2020-11-02 00:08:08', 0),
(250, 207, 'R U R\' U R U2 R\' U R\' U\' R U\' R\' U2 R', '2020-11-02 00:08:18', 1),
(251, 208, 'y R\' U2 R U R\' U R2 U2 R\' U\' R U R\' U\' R U\' R\'', '2020-11-02 00:09:51', 1),
(252, 209, 'y\' R\' U2 R U R\' U R U\' R U2 R\' U\' R U\' R\'', '2020-11-02 00:10:04', 1),
(253, 210, 'y R U R\' U R U\' R\' U R U2 R2 U\' R U\' R\' U2 R ', '2020-11-02 00:10:47', 1),
(256, 211, 'y\' R\' U\' R U\' R\' U2 R U\' R U R\' U R U2 R\'', '2020-11-02 00:15:09', 1),
(257, 212, 'y\' R2 U R\' U\' R\' U R U R\' U R U\' R U\' R2', '2020-11-02 00:17:20', 1),
(259, 213, 'R U2 R\' U\' R U\' R\' U2 R U R\' U R U2 R\'', '2020-11-02 00:17:39', 0),
(260, 214, 'R U R\' U R U2 R\' U2 R U2 R\' U\' R U\' R\' ', '2020-11-02 00:19:15', 0),
(261, 215, 'y x\' D R2 U\' R\' U R U\' R\' U R U\' R\' U R\' D\' x', '2020-11-02 00:22:42', 1),
(262, 216, 'y2 L\' U L R U2 R\' U\' R U\' R\' L\' U2 L ', '2020-11-02 00:23:49', 1),
(263, 200, 'M\' U\' r U2 R\' F R U2 r2\' F R', '2020-11-02 20:00:34', 1),
(265, 200, 'r2 F r\' F2 R U\' R\' F2 r2 U\' r', '2020-11-03 11:04:28', 0),
(266, 200, 'x r2 U r\' U2 R B\' R\' U2 x\' r2 U\' r', '2020-11-03 11:12:55', 0),
(267, 199, 'y x\' r2 U\' r U2 R\' F R U2 x r2 U r\'', '2020-11-03 11:16:50', 1),
(268, 163, 'y L U L\' F\' U L U L\' U\' F L U2 L\'	', '2020-11-04 17:01:16', 1),
(274, 329, 'L\' U2 L U2 R U\' L\' U R\' L', '2020-11-04 20:35:11', 1),
(275, 330, 'y R U2 R D R\' U\' R D\' R2 U R U2 R\'', '2020-11-04 20:35:22', 1),
(276, 331, 'R\' U R U2 R\' U R2 D R\' U R D\' R\'', '2020-11-04 20:35:32', 0),
(277, 332, 'y2  S\' U2 L\' U2 L U2 L F\' L\' f', '2020-11-04 20:38:33', 1),
(278, 333, ' L\' R U R\' U\' L U R U2 L\' U R\' U\' L ', '2020-11-04 20:38:56', 1),
(279, 334, ' y\' R\' U2 R\' D R\' U R D\' R U R U\' R U\' R\' ', '2020-11-04 20:39:18', 1),
(280, 335, ' R\' U L\' U2 R U\' R\' U2 R U2 L U L\' U L ', '2020-11-04 20:39:52', 1),
(281, 336, ' y2 R U R\' U R2 D r\' U2 r D\' R2 U ', '2020-11-04 20:40:40', 1),
(282, 337, ' y\' R\' U2 R\' D R\' U R D\' R\' U\' R\' U R\' U R ', '2020-11-04 20:40:52', 1),
(283, 338, ' y2 R U R\' U R2 D R\' U2 R D\' R2 ', '2020-11-04 20:41:03', 1),
(284, 339, 'y\' R\' D\' R U2 R\' D R U\' R U R\' U2 R U R\'', '2020-11-04 20:43:06', 1),
(285, 340, ' R U2 R D R\' U2 R D\' R\' U R\' U R U2 R\' ', '2020-11-04 20:43:28', 1),
(287, 351, ' y\' R U R\' U R U\' R D R\' U\' R D\' R2 ', '2020-11-04 20:45:25', 1),
(288, 352, ' y2 R2 D\' R U\' R\' D R U\' R U R\' U R ', '2020-11-04 20:45:50', 1),
(289, 357, ' R U\' L\' U R\' U\' L ', '2020-11-04 20:46:15', 1),
(290, 365, ' L\' R U R\' U\' L U2 R U2 R\' ', '2020-11-04 20:46:36', 1),
(291, 366, ' y R\' D\' R U R\' D R2 U R\' U2 R U R\' ', '2020-11-04 20:46:55', 1),
(292, 367, ' y R\' U2 R U R2 D\' R U\' R\' D R U2 R ', '2020-11-04 20:47:26', 1),
(293, 368, ' f R\' F\' R U2 R U2 R\' U2 S\' ', '2020-11-04 20:47:38', 1),
(294, 371, ' y2 R2 D\' r U2 r\' D R2 U R\' U R ', '2020-11-04 20:47:59', 1),
(295, 374, ' R\' U2 R U R\' U R\' D\' R U2 R\' D R U2 R ', '2020-11-04 20:48:44', 1),
(296, 375, ' R2 F R U R U\' R\' F\' R U\' R\' U R ', '2020-11-04 20:48:56', 1),
(297, 376, ' y2 R2 D\' R U2 R\' D R2 U R\' U R ', '2020-11-04 20:49:06', 1),
(298, 377, ' y R U2 R\' L\' U2 R U2 R\' U2 L U\' R U\' R\' ', '2020-11-04 20:49:58', 1),
(299, 378, ' y F U R\' F R F\' R U\' R\' U R U\' R\' F\' ', '2020-11-04 20:50:40', 1),
(300, 379, ' y\' R U\' R2 U2 D\' R U R\' U D R2 U R\' ', '2020-11-04 20:51:00', 1),
(301, 380, ' y\' R\' U\' R U\' L U2 R\' U2 R U2 L\' R\' U2 R ', '2020-11-04 20:51:25', 1),
(303, 381, 'y\' R\' U\' F U R U\' R\' F\' R2 U R\' U\' R\' F R F\'', '2020-11-04 20:53:00', 1),
(304, 382, ' R\' U2 R U R\' U\' L U\' L\' U2 R U L U2 L\' ', '2020-11-04 20:53:51', 0),
(305, 383, ' R\' U2 R U R\' U\' R F U\' R\' U\' R U F\' ', '2020-11-04 20:54:18', 1),
(306, 384, ' y\' R U2 L\' U R\' U\' L R U\' R\' U R U2 R\' ', '2020-11-04 20:55:42', 1),
(307, 385, ' y2 R U R\' U L\' U R U\' L U2 R\' ', '2020-11-04 20:55:53', 1),
(308, 386, ' F U\' R\' U R U F\' R U R2 U R2 U2 R\' ', '2020-11-04 20:56:04', 1),
(309, 387, ' R\' U2 L U\' R U L\' U R\' U R ', '2020-11-04 20:56:11', 1),
(310, 388, ' F R U\' R2 U2 R U R\' U R2 U R\' F\' ', '2020-11-04 20:57:00', 1),
(311, 389, ' y\' R U R\' U\' R\' U2 R U R\' U R U\' R U\' R\' ', '2020-11-04 20:58:44', 1),
(312, 390, ' R U R\' U R U\' R\' U R\' U\' R2 U\' R\' U R\' U R ', '2020-11-04 20:59:22', 1),
(313, 391, ' R U R2 U\' R2 U\' R2 U2 R2 U2 R\' ', '2020-11-04 21:00:00', 1),
(314, 392, ' y\' R\' U2 R U R\' U R ', '2020-11-04 21:00:21', 1),
(315, 393, ' R U R\' U R U R U R U R U\' R\' U\' R2 ', '2020-11-04 21:00:58', 1),
(316, 394, ' y R U R\' U R\' U\' R2 U\' R\' U R\' U\' R U R\' U R ', '2020-11-04 21:03:04', 1),
(317, 395, ' R U R\' U R U2 R\' ', '2020-11-04 21:03:54', 0),
(318, 396, ' R\' U2 R2 U2 R2 U\' R2 U\' R2 U R ', '2020-11-04 21:05:43', 1),
(319, 397, ' y\' R U R\' U\' R\' U2 R U R U\' R\' U R\' U R ', '2020-11-04 21:08:44', 1),
(320, 398, ' y\' R\' U\' R U R U R\' U\' R\' U R U R U\' R\' ', '2020-11-04 21:10:15', 1),
(321, 399, ' y\' R\' U2 R2 U R2 U R U\' R U\' R\' ', '2020-11-04 21:10:37', 1),
(322, 400, ' R U R\' U R\' D\' R L F2 L\' U2 R2 D R2 ', '2020-11-04 21:11:14', 0),
(323, 32, ' R U\' R\' U R U\' L U L\' U x\' U2 R U2 R2 x ', '2020-11-05 10:30:58', 1),
(324, 31, ' L U R\' U L\' U2 R U\' R\' L U L\' U2 R ', '2020-11-05 10:43:54', 1),
(325, 411, 'R2 D R\' U R D\' R\' U R\' U\' R U\' R\'', '2020-11-05 11:32:53', 1),
(326, 412, 'y\' R\' U\' R U\' R\' U R\' D\' R U R\' D R2	', '2020-11-05 11:34:04', 1),
(331, 413, 'y2 R U\' R\' U2 R U\' R2 D\' R U\' R\' D R ', '2020-11-05 11:43:54', 1),
(332, 414, 'y2  S U2 R U2 R\' U2 R\' F R f\' ', '2020-11-05 11:45:57', 1),
(333, 415, 'R U2 R\' U2 L\' U R U\' M\' x\' ', '2020-11-05 11:46:12', 1),
(335, 416, 'y R\' U2 R\' D\'R U R\' D R2 U\' R\' U2 R', '2020-11-05 11:48:31', 1),
(336, 417, 'y\' R U R\' U R\' F U\' R2 U\' R2 U F\' U R ', '2020-11-05 11:49:20', 1),
(338, 418, 'L\' R U\' L U R\' U\' L\' U2 R U\' L U R\' ', '2020-11-05 11:52:26', 1),
(339, 419, 'y2  R U\' L U2 R\' U R U2 R\' U2 L\' U\' L U\' L\' ', '2020-11-05 11:52:39', 0),
(340, 420, 'R\' U\' R U\' R2 D\' r U2 r\' D R2', '2020-11-05 11:52:49', 1),
(341, 421, 'R\' U\' R U\' R2 D\' R U2 R\' D R2', '2020-11-05 11:53:04', 1),
(342, 422, 'y\' R U2 R\' U\' F\' r U R\' U\' r\' F R2 U\' R\' ', '2020-11-05 11:53:38', 1),
(343, 423, 'y2 R\' U2 R\' D\' R U2 R\' D R U\' R U\' R\' U2 R', '2020-11-05 11:54:27', 0),
(344, 424, 'y2  R\' U\' R U R\' F R U R\' U\' R\' F\' R2 ', '2020-11-05 11:55:00', 1),
(347, 430, 'L\' U R U\' L U R\' ', '2020-11-05 11:56:52', 1),
(348, 437, 'y2 R U R\' F\' R U R\' U\' R\' F R2 U R\' U\' R U\' R\' ', '2020-11-05 11:58:55', 1),
(349, 438, 'f\' L F L\' U2\' L\' U2 L U2 S', '2020-11-05 12:03:47', 1),
(350, 439, 'x M U\' L U R\' U2 L\' U2 L ', '2020-11-05 12:04:41', 1),
(351, 440, 'y R D R\' U\' R D\' R2 U\' R U2 R\' U\' R ', '2020-11-05 12:05:14', 1),
(352, 443, 'R2 D r\' U2 r D\' R2 U\' R U\' R\'', '2020-11-05 12:06:02', 1),
(354, 445, 'y2 R U2 R\' U\' R U\' R D R\' U2 R D\' R\' U2 R\'', '2020-11-05 12:11:47', 1),
(357, 447, 'R2 D R\' U2 R D\' R2 U\' R U\' R\' ', '2020-11-05 12:14:36', 1),
(358, 448, 'y2 R U R\' F\' R U2 R\' U2 R\' F R2 U\' R\' ', '2020-11-05 12:15:37', 1),
(359, 449, 'y2  R U2 L\' U R\' U\' L U\' R U\' R\' ', '2020-11-05 12:17:38', 1),
(361, 450, 'y R U2 R2\' U\' R2 U\' R\' F U\' R\' U\' R U F\'	', '2020-11-05 12:18:20', 1),
(362, 451, 'F R U\' R2 U\' R U\' R\' U2 R2 U R\' F\' ', '2020-11-05 12:18:45', 1),
(363, 452, 'R\' U\' R U\' L U\' R\' U L\' U2 R', '2020-11-05 12:20:40', 1),
(364, 453, 'F R\' F\' R U R U\' R2\' F R U R\' U\' F\' U R', '2020-11-05 12:22:32', 1),
(365, 454, 'y2 R U2 R\' U\' R U L\' U L U2 R\' U\' L\' U2 L', '2020-11-05 12:26:01', 1),
(367, 455, 'y F U\' R\' U R U F\' R\' U R U\' R\' U2 R', '2020-11-05 12:28:42', 1),
(368, 456, 'y R U2 R\' U\' R U R\' L\' U R U\' L U2 R\' ', '2020-11-05 12:29:18', 1),
(369, 457, 'y\' R U R\' U L\' U2 R U2 L U2 L\' R\' U2 L ', '2020-11-05 12:29:33', 1),
(370, 458, 'y F R U R\' U\' R U R\' F R\' F\' R U\' F\' ', '2020-11-05 12:29:58', 1),
(372, 459, 'y R\' U2 R L U2 R\' U2 R U2 L\' U R\' U R', '2020-11-05 12:36:15', 1),
(373, 460, 'y\' R\' U R2 U2 D R\' U\' R D\' U\' R2\' U\' R', '2020-11-05 12:38:41', 1),
(374, 461, 'y2 R\' U\' R U\' R\' U R U\' R U R2\' U R U\' R U\' R\' ', '2020-11-05 12:41:09', 1),
(375, 462, 'y\' R\' U\' R U R U2 R\' U\' R U\' R\' U R\' U R ', '2020-11-05 12:42:45', 1),
(377, 463, 'R U R\' U R\' U\' R U\' R\' U2 R U R U\' R\'', '2020-11-05 12:44:01', 1),
(378, 464, 'y R\' U\' R U\' R U R2\' U R U\' R U R\' U\' R U\' R\' ', '2020-11-05 12:47:03', 1),
(379, 465, 'y2 R\' U\' R2 U R2 U R2 U2 R2 U2 R ', '2020-11-05 12:47:32', 0),
(380, 466, 'y\' R U2 R\' U\' R U\' R\' ', '2020-11-05 12:47:42', 1),
(381, 467, 'y2 R U2 R2 U2 R2 U R2 U R2 U\' R\' ', '2020-11-05 12:47:52', 1),
(382, 468, 'y2 R\' U\' R U\' R\' U2 R ', '2020-11-05 12:48:03', 1),
(383, 469, 'y\' R U R\' U\' R\' U\' R U R U\' R\' U\' R\' U R ', '2020-11-05 12:48:43', 1),
(385, 470, 'y\' R\' U\' R U R U2 R\' U\' R\' U R U\' R U\' R\' ', '2020-11-05 12:49:23', 1),
(386, 471, 'R U R\' U R\' U\' R2 U\' R2 U2 R ', '2020-11-05 12:50:17', 1),
(387, 472, 'R U R\' U R\' U\' R2 U R2 U2 R S R2 S\' ', '2020-11-05 12:50:29', 1),
(388, 372, 'R\' D R\' U R D\' U R U\' R\' U\' R2 U R U\' R\' ', '2020-11-07 12:02:50', 0),
(389, 369, 'y R U\' L\' U R\' U2 L U R U\' L\' U R\' L', '2020-11-07 12:13:24', 1),
(390, 370, 'y L U\' R\' U L\' U R\' D\' R U2 R\' D R2 ', '2020-11-07 12:15:04', 1),
(391, 373, 'y R U R2 F\' r U R U\' r\' F U R U2 R\'', '2020-11-07 12:25:14', 1),
(393, 441, 'y L\' U R U\' L U\' R D R\' U2 R D\' R2	', '2020-11-07 13:31:41', 1),
(394, 442, 'y\' L\' U R U\' L U2 R\' U\' L\' U R U\' L R\'', '2020-11-07 13:32:56', 1),
(395, 444, 'y2 R\' U\' R U\' R\' U2 L\' U2 L U L\' U2 R U\' L ', '2020-11-07 13:40:28', 1),
(396, 446, 'y R\' U\' R U\' R U R D R\' U\' R D\' R U2 R ', '2020-11-07 13:46:04', 1),
(398, 186, 'R U2 R\' U2 R U R2 D\' R U2 R\' D R2 U2 R\'', '2020-11-07 21:52:45', 1),
(399, 149, 'y\' R\' U2 R U2 R\' U\' R2 D R\' U2 R D\' R2 U2 R', '2020-11-07 21:56:13', 1),
(402, 156, 'y2 R U\' R2 F2 R U2 R U2 R\' F2 U2 R U\' R\' ', '2020-11-07 22:06:18', 1),
(404, 192, 'y2 R\' F\' R U R\' U\' R\' F D\' R U\' R\' D R2 U R\' U R', '2020-11-08 11:30:00', 1),
(406, 341, 'R2 u R\' U R2 U\' R u\' R2 U F\' U2 F', '2020-11-24 18:59:59', 0),
(407, 342, 'f R2 f\' U R2 u\' R U\' R2 U R\' u R2 ', '2020-11-24 19:10:40', 0),
(408, 345, ' y\' F R\' U R U F\' R\' U F U F\' R ', '2020-11-25 22:31:10', 1),
(409, 346, ' y\' F R\' U2 R F\' R\' F U2 F\' R ', '2020-11-25 22:31:39', 1),
(410, 347, 'R\' F M2 U2 r U r\' U2 R r2 F\' R2', '2020-11-25 22:37:06', 1),
(411, 349, 'y\' R\' U2 R\' D\' R U R\' D R U\' R U R\' U R ', '2020-11-25 22:41:45', 1),
(413, 341, 'y2 R U\' R\' U\' R U\' R\' U2 R U R2 D\' R U2 R\' D R', '2020-12-06 21:02:24', 1),
(414, 350, 'y2 R U R\' U R U\' R D R\' U R D\' R\' U2 R\' ', '2020-12-06 21:35:01', 1),
(415, 348, 'y\' F R U R\' U\' R\' F\' U2 R U R U\' R\' U R\' U R', '2020-12-06 22:15:55', 1),
(416, 343, 'y R\' U\' F2 U\' R2 U R2 U F2 R2 U2 R\'', '2020-12-06 22:22:40', 1),
(417, 344, 'y2 R U2 R\' U L\' U2 R U R\' U2 L U R U\' R\'', '2020-12-06 22:30:32', 1),
(418, 354, 'y\' R\' U2 F\' R U R\' U\' R\' F R U2 R', '2020-12-15 13:17:55', 1),
(420, 363, 'R2\' U R U R\' U\' R3 U\' R\' L\' U R\' U\' L', '2020-12-15 23:34:49', 1),
(421, 355, 'y R\' U2 R U R\' U\' R\' D\' R U2 R\' D R2', '2020-12-15 23:39:42', 1),
(422, 353, 'R2 D R\' U2 R D\' R\' U\' R\' U R U2 R\'', '2020-12-19 15:49:57', 1),
(423, 361, 'F\' U2 F R U\' R\' U\' R U2 R\' U\' F\' U\' F ', '2020-12-19 15:58:31', 0),
(424, 361, 'y R\' U\' R\' U R2 U2 D\' R U R\' U\' D R\'', '2020-12-19 15:59:33', 1),
(425, 364, 'y\' R\' U\' D R\' U R U2 D\' R2 U R\' U\' R\'', '2020-12-21 18:16:20', 1),
(427, 400, 'R U\' R\' S R2 S\' R\' U2\' R2\' U\' R2 U R', '2020-12-21 18:20:23', 1),
(428, 360, 'y2 R U R\' F\' R U R\' U R U\' R\' U\' R\' F R2 U\' R\'', '2020-12-21 18:22:28', 1),
(429, 359, 'L\' U\' L U\' L\' U\' R U\' L U\' R\' U\' R U\' R\'', '2020-12-21 18:24:18', 0),
(430, 359, 'R U\' R\' U R U\' R\' F R\' F\' R U\' F\' U F', '2020-12-21 18:32:41', 1),
(431, 358, 'y\' R\' U2 R2 U R D\' R U R\' D R2 U\' R U\' R\'', '2020-12-21 20:37:31', 1),
(432, 358, 'R2 S2 R\' U\' r\' F R\' F\' r\' S2 r2', '2020-12-21 20:43:59', 0),
(434, 362, 'y2 L U\' R\' U L\' R\' U\' R3 U\' R\' U R U R2\' ', '2020-12-21 20:55:54', 1),
(435, 356, 'L U2 L F L\' U\' L\' U L F\' U2 L\'', '2020-12-21 21:02:31', 1),
(442, 85, 'y2 R\' U\' R S U R U\' S\' U R\' F R F\'', '2021-01-01 16:01:50', 1),
(444, 76, 'R U R\' U\' R\' U\' F R f\' R\' U R S', '2021-01-01 16:09:21', 1),
(445, 47, 'r\' D\' F r U r\' F2 r U r\' D r', '2021-01-01 16:20:17', 1),
(447, 11, 'y R\' F R F\' U R\' D\' r U\' r\' D U\' F\' U F R', '2021-01-01 16:26:06', 1),
(448, 55, 'y\' R U B\' R B R2\' S\' R U\' R\' S', '2021-01-27 09:58:43', 1),
(449, 56, 'y\' R\' U\' F R\' F\' R2 S\' R\' U R S ', '2021-01-27 10:00:11', 1),
(450, 382, 'y R U R\' U R\' F2 D2 r2 U r2 D F2 R ', '2021-01-28 18:59:24', 0),
(451, 382, 'z D R\' U\' R D\' F\' r U R U\' r\' F R2 U z\'', '2021-01-28 19:06:19', 1),
(452, 179, 'y\' R\' U\' R\' D\' R U2 R\' D R U R U\' R\' U\' R', '2021-02-02 10:16:15', 1),
(454, 196, 'y\' r U2 R r2 F R\' F\' r2 U2 r\'', '2021-02-02 16:47:56', 1),
(455, 194, 'y\' R U2 R\' U\' L\' U2 R U M\' x\' U L\' U L', '2021-02-02 16:50:43', 1),
(456, 372, 'F U R U\' R\' S R\' F\' R U R U\' R\' S\'', '2021-02-05 22:14:47', 1),
(457, 419, 'S R U R\' U\' R\' F R S\' R U R\' U\' F\'', '2021-02-05 22:24:51', 1),
(463, 425, 'y R U2 R\' U\' R U R D R\' U2 R D\' R2', '2021-02-10 11:08:05', 0),
(464, 426, 'R\' U2 R\' F\' R U R U\' R\' F U2 R', '2021-02-10 11:09:50', 0),
(465, 427, 'y2 R2 D\' R U2 R\' D R U R U\' R\' U2 R', '2021-02-10 11:12:42', 0),
(467, 428, 'y L U2 F L\' U\' L U L F\' L\' U2 L\' ', '2021-02-10 11:14:28', 0),
(468, 431, 'R U R\' U R U L\' U R\' U L U L\' U L', '2021-02-10 11:20:40', 0),
(469, 432, 'R\' U\' R D\' R U\' R\' U R2 U R\' U\' R2 D', '2021-02-10 11:23:38', 0),
(470, 433, 'y M2 U M U2 R\' F R F\' r U M r\' ', '2021-02-10 11:26:04', 0),
(471, 434, 'y2 S U\' R U R U\' R2 U R F R\' f\' ', '2021-02-10 11:31:10', 1),
(472, 435, 'y F\' U\' f R U R2 U\' R U R U\' S\'', '2021-02-10 11:34:34', 0),
(474, 429, 'R U R\' U R2 D\' R U\' R\' D R\' U\' R2 U2 R', '2021-02-10 11:57:59', 0),
(475, 436, 'M\' R\' F R F\' r U r\' U2 M\' U M2	', '2021-02-10 13:35:02', 1),
(476, 54, 'R\' F\' M U\' M\' F M U r', '2021-02-11 16:14:01', 1),
(477, 1, 'y F R\' F\' U\' F R S U R2 U\' R\' f\'', '2021-03-01 18:56:50', 1),
(478, 168, 'y\' F\' r\' F r U r\' F2 r U F', '2021-03-01 19:11:49', 1),
(479, 181, 'S R U R\' U\' F\' U2 F U R U R\' S\'', '2021-03-01 19:12:12', 1),
(480, 104, 'y2 F R U\' R\' S U\' R U f\' U R2\' F R F\' R', '2021-05-08 23:10:49', 1),
(481, 405, 'R\' F U2 F\' R F R\' U2 R F\'', '2021-05-09 21:05:43', 1),
(482, 406, 'R\' F U\' F\' U\' R F U\' R\' U\' R F\' ', '2021-05-09 21:07:24', 1),
(483, 404, 'r U\' r\' U2 R\' F R U2 F2 U\' R U\' R\' F\'', '2021-05-09 21:10:52', 1),
(485, 401, 'y\' R U R2 F\' U\' F U R F R\' F\' R2 U2 R\'	', '2021-05-09 21:15:55', 1),
(486, 402, 'R\' U2 F\' R U R\' U\' R\' F R2 U R\' U R', '2021-05-09 21:18:42', 1),
(487, 403, 'y2 R U2 R F2 D r\' U2 r D\' F2 R2 ', '2021-05-09 21:29:20', 1),
(489, 408, 'R\' U\' R U\' R U R\' U\' R\' U2 F R U R U\' R\' F\'', '2021-05-09 21:44:27', 1),
(491, 410, 'y\' R U2 R D R\' U\' R D\' R\' U R\' U\' R U\' R\'', '2021-05-09 21:54:59', 1),
(492, 409, 'R\' U\' R U\' R\' U R\' D\' R U\' R\' D R U2 R', '2021-05-09 22:02:54', 1),
(495, 407, 'y2 R2 F M\' r U2 r U\' r\' U2 M2 F\' R', '2021-05-09 22:08:06', 1),
(496, 342, 'y R2 F2 D r\' U2 r D\' F2 R3 U2 R\'', '2021-05-18 15:07:29', 1),
(497, 75, 'y2 R\' U\' R\' D\' R U\' M\' U2 r\' D R2\'', '2021-05-19 19:50:11', 1),
(498, 169, 'y2 R2 D\' r U2 M U R\' D R U R', '2021-05-19 19:54:39', 1),
(500, 92, 'y\' R U S\' R\' U\' R S R2\' F R F\'', '2021-05-25 15:01:14', 1),
(501, 321, 'R U R\' U R U\' R\' U R U2\' R\'', '2021-05-25 15:42:54', 1),
(502, 322, 'R\' U\' R U\' R\' U R U\' R\' U2 R', '2021-05-25 15:43:35', 1),
(503, 323, 'y\' R\' U2 R U R\' U\' R U R\' U R', '2021-05-25 15:44:10', 1),
(504, 324, 'y\' R U2 R\' U\' R U R\' U\' R U\' R\'', '2021-05-25 15:44:28', 1);

-- --------------------------------------------------------

--
-- Tabellstruktur for tabell `algsets`
--

CREATE TABLE `algsets` (
  `algset_id` int(11) NOT NULL,
  `algset_name` varchar(45) NOT NULL,
  `algset_pic` varchar(45) NOT NULL
) ENGINE=InnoDB DEFAULT CHARSET=latin1;

--
-- Dataark for tabell `algsets`
--

INSERT INTO `algsets` (`algset_id`, `algset_name`, `algset_pic`) VALUES
(1, 'ZBLL U', 'RU2RDR\'U2RD\'R2y2'),
(2, 'ZBLL T', 'RURDR\'U\'RD\'R2'),
(3, 'ZBLL L', 'RU2RDR\'U2RD\'R2y2'),
(4, 'ZBLL Pi', ''),
(5, 'ZBLL H', ''),
(6, 'ZBLL S', ''),
(7, 'ZBLL AS', '');

-- --------------------------------------------------------

--
-- Tabellstruktur for tabell `cases`
--

CREATE TABLE `cases` (
  `case_id` int(11) NOT NULL,
  `algset_id` int(11) NOT NULL,
  `case_name` varchar(45) NOT NULL,
  `case_pic` varchar(80) NOT NULL
) ENGINE=InnoDB DEFAULT CHARSET=latin1;

--
-- Dataark for tabell `cases`
--

INSERT INTO `cases` (`case_id`, `algset_id`, `case_name`, `case_pic`) VALUES
(1, 1, 'ZBLL U 1', 'y F R\' F\' U\' F R S U R2 U\' R\' f\''),
(2, 1, 'ZBLL U 2', 'y\' R U2 R D R\' U2 R D\' R\' U2 R\' U\' R U\' R\'	'),
(3, 1, 'ZBLL U 3', 'y2 R2 D r\' U2 r D\' R\' U2 R\''),
(4, 1, 'ZBLL U 4', 'y R2 D R\' U R D\' R2 U R U2 R\''),
(5, 1, 'ZBLL U 5', 'y\' R U2 R2 D\' R U2 R\' D R2 U\' R\' U2 R U2 R\''),
(6, 1, 'ZBLL U 6', 'y2 R2 D R\' U2 R D\' R\' U2 R\''),
(7, 1, 'ZBLL U 7', 'y2 R\' D\' r U2 r\' D R U2 R U\' R\' U\' R U\' R\''),
(8, 1, 'ZBLL U 8', 'R\' U\' R U R U R\' U\' R\' U F R U R U\' R\' F\''),
(9, 1, 'ZBLL U 9', 'y R\' U\' L U\' R U L\' U R\' U\' R U\' R\' U R'),
(10, 1, 'ZBLL U 10', 'y\' R2 D\' R U\' R\' D R2 U R\' U R U2 R\' U R U2 R\' U\' R'),
(11, 1, 'ZBLL U 11', 'y R\' F R F\' U R\' D\' r U\' r\' D U\' F\' U F R'),
(12, 1, 'ZBLL U 12', 'y\' R U\' R\' U R U R\' U2 R\' D\' R U R\' D R2 U R\''),
(13, 1, 'ZBLL U 13', 'R2 D\' r U2 r\' D R U2 R'),
(14, 1, 'ZBLL U 14', 'y R2 D\' R U\' R\' D R2 U\' R\' U2 R'),
(15, 1, 'ZBLL U 15', 'y2 R U R\' U R U2 R2 U L U\' R U L\''),
(16, 1, 'ZBLL U 16', 'y\' R\' U2 R\' D\' R U2 R\' D R U2 R U R\' U R'),
(17, 1, 'ZBLL U 17', 'R2 D\' R U2 R\' D R U2 R'),
(18, 1, 'ZBLL U 18', 'y\' R\' U2 R2 D R\' U2 R D\' R2 U R U2 R\' U2 R'),
(19, 1, 'ZBLL U 19', 'R D r\' U2 r D\' R\' U2 R\' U R U R\' U R'),
(20, 1, 'ZBLL U 20', 'R U\' R\' D R\' U\' R D\' R2 U R\' U\' R\' U2 R\''),
(21, 1, 'ZBLL U 21', 'y\' R2 D R\' U R D\' R2\' U\' R U\' R\' U2 R U\' R\' U2 R U R\''),
(22, 1, 'ZBLL U 22', 'y R U L\' U R\' U\' L U\' R U R\' U R U\' R\' '),
(23, 1, 'ZBLL U 23', '	 y\' R\' U R U\' R\' U\' R U2 R D R\' U\' R D\' R2\' U\' R'),
(24, 1, 'ZBLL U 24', 'y\' R U R\' U2 F2 R U2 R\' U2 R\' F2 R2 U R\''),
(25, 1, 'ZBLL U 25', 'R\' F R U\' R\' U\' R U R\' F\' R U R\' U\' R\' F R F\' R'),
(26, 1, 'ZBLL U 26', 'y2 R2\' F2 R F2 R U\' R\' U L\' U L U\' R'),
(27, 1, 'ZBLL U 27', 'y\' F2 R U\' R\' U\' R U R\' F\' R U R\' U\' R\' F R F2'),
(28, 1, 'ZBLL U 28', 'R2 B2 R\' B2 R\' U R U\' L U\' L\' U R\''),
(29, 1, 'ZBLL U 29', 'y\' r U R\' U\' r\' F R U R\' U\' R F\' R\' U R'),
(30, 1, 'ZBLL U 30', 'y\' R\' U\' R F R\' U R U\' R\' F\' r U R U\' r\''),
(31, 1, 'ZBLL U 31', ' L U R\' U L\' U2 R U\' R\' L U L\' U2 R '),
(32, 1, 'ZBLL U 32', ' R U\' R\' U R U\' L U L\' U x\' U2 R U2 R2 x '),
(33, 1, 'ZBLL U 33', 'y F U R U2 R\' U R U R2 F\' r U R U\' r\''),
(34, 1, 'ZBLL U 34', 'y R U R\' U R U2 R\' U R U2 R D R\' U2 R D\' R2'),
(35, 1, 'ZBLL U 35', 'y\' r U R\' U\' r\' F R2 U\' R\' U\' R U2 R\' U\' F\''),
(36, 1, 'ZBLL U 36', 'y\' R2 D R\' U2 R D\' R\' U2 R\' U\' R U2 R\' U\' R U\' R\''),
(37, 1, 'ZBLL U 37', 'y2 R U R\' U\' L\' U2 R U R\' U2 L R U\' R\''),
(38, 1, 'ZBLL U 38', 'y\' R U2 R\' U\' R U\' R D\' R U2 R\' D R U2 R'),
(39, 1, 'ZBLL U 39', 'R\' U\' R F U\' R\' U\' R U F\' U R\' U R'),
(40, 1, 'ZBLL U 40', 'y\' R\' U2 R U R\' U R\' D R\' U2 R D\' R\' U2 R\''),
(41, 1, 'ZBLL U 41', 'x\' R2 D2 R\' U2 R D2 R\' U2 R\' x'),
(42, 1, 'ZBLL U 42', 'y2 x R2 D2 R U2 R\' D2 R U2 R x\''),
(43, 1, 'ZBLL U 43', 'F R U\' R\' U R U R\' U R U\' R\' F\''),
(44, 1, 'ZBLL U 44', 'y F\' R U R\' U\' R\' F R2 U R\' U2 R U R\' U2 R U\' R\''),
(45, 1, 'ZBLL U 45', 'y\' F R\' F\' r U R U\' r2\' F\' r U\' L\' U2 L'),
(46, 1, 'ZBLL U 46', 'y F\' r U R\' U\' r\' F R2 U R\' U R U2 R\''),
(47, 1, 'ZBLL U 47', 'r\' D\' F r U r\' F2 r U r\' D r'),
(48, 1, 'ZBLL U 48', 'R U\' R\' U\' R U2 R\' U2 R\' D\' R U\' R\' D R'),
(49, 1, 'ZBLL U 49', 'y F\' U L U\' L\' U\' F L U2 L\''),
(50, 1, 'ZBLL U 50', 'y\' F R U R\' U\' R U R\' U\' F2 L\' U\' L U F'),
(51, 1, 'ZBLL U 51', 'R U R\' U L\' U R U\' R\' L U\' R U\' R\''),
(52, 1, 'ZBLL U 52', 'R\' U2 R F U\' R\' U\' R U F\''),
(53, 1, 'ZBLL U 53', 'F R U\' R\' U\' R U2 R\' U\' R U\' R\' U\' R U2 R\' U\' F\''),
(54, 1, 'ZBLL U 54', 'R\' F\' M U\' M\' F M U r'),
(55, 1, 'ZBLL U 55', 'y\' R U B\' R B R2\' S\' R U\' R\' S'),
(56, 1, 'ZBLL U 56', 'y\' R\' U\' F R\' F\' R2 S\' R\' U R S '),
(57, 1, 'ZBLL U 57', 'L U2 L\' F\' U L U L\' U\' F'),
(58, 1, 'ZBLL U 58', 'y F R U R\' U\' F\' R\' F R2 B\' R2 F\' R2 B R\''),
(59, 1, 'ZBLL U 59', 'y\' F U\' R\' U R U F\' R\' U2 R'),
(60, 1, 'ZBLL U 60', 'y2 R U R\' U L\' R U R\' U\' L U\' R U\' R\''),
(61, 1, 'ZBLL U 61', 'y\' R\' U\' R U R\' U R U2 R\' U R U2 R\' U\' R'),
(62, 1, 'ZBLL U 62', 'y\' R U R\' U\' R U\' R\' U2 R U\' R\' U2 R U R\''),
(63, 1, 'ZBLL U 63', 'y R U2 R\' U\' R U\' R\' U\' R U R\' U R U2 R\''),
(64, 1, 'ZBLL U 64', 'y R\' U2 R2 U R2 U R U\' R U R\' U\' R U\' R\''),
(65, 1, 'ZBLL U 65', 'y R\' U2 R U R\' U R U R\' U\' R U\' R\' U2 R'),
(66, 1, 'ZBLL U 66', 'y R U2 R2 U\' R2 U\' R\' U R\' U\' R U R\' U R'),
(67, 1, 'ZBLL U 67', 'y2 R U R\' U R\' U\' R U R U2 R\' U2 R\' U2 R'),
(68, 1, 'ZBLL U 68', 'R\' U\' R U\' R U R\' U\' R\' U2 R U2 R U2 R\''),
(69, 1, 'ZBLL U 69', 'R\' U\' R U\' R\' U2 R2 U R\' U R U2 R\'	'),
(70, 1, 'ZBLL U 70', 'y2 R U R\' U R U2 R2 U\' R U\' R\' U2 R	'),
(71, 1, 'ZBLL U 71', 'R U R\' U\' R\' U R U R U\' R\' U R\' U R U2 R\' U\' R'),
(72, 1, 'ZBLL U 72', 'y R U2 R\' U\' R U\' R\' U2 R\' U2 R U R\' U R'),
(73, 2, 'ZBLL T 1', 'y R\' U\' R U\' R\' U\' L\' U\' L R U2 L\' U\' L'),
(74, 2, 'ZBLL T 2', 'y R\' U2 R2 U R\' U\' R\' U2 F\' R U2 R U2 R\' F'),
(75, 2, 'ZBLL T 3', 'y2 R\' U\' R\' D\' R U\' M\' U2 r\' D R2\''),
(76, 2, 'ZBLL T 4', 'R U R\' U\' R\' U\' F R f\' R\' U R S'),
(77, 2, 'ZBLL T 5', 'y F R U R\' U\' R U R\' U\' F\' R U R\' U\' R\' F R F\''),
(78, 2, 'ZBLL T 6', 'y2 R\' U\' R\' D\' R U R\' D R2'),
(79, 2, 'ZBLL T 7', 'R\' U2 R F U\' R\' U R U F\' R\' U R'),
(80, 2, 'ZBLL T 8', 'y\' R\' U\' R U R\' U R L\' U R\' U\' R L'),
(81, 2, 'ZBLL T 9', 'y F U R U2 R\' U R U R\' F\''),
(82, 2, 'ZBLL T 10', 'y R U R\' U\' R\' F\' R U2 R U2 R\' F'),
(83, 2, 'ZBLL T 11', 'x\' M\' U\' R U L\' U\' R\' U\' R U R\' U R'),
(84, 2, 'ZBLL T 12', 'y\' R\' U R U R\' U\' R\' D\' R U2 R\' D R U R'),
(85, 2, 'ZBLL T 13', 'y2 R\' U\' R S U R U\' S\' U R\' F R F\''),
(86, 2, 'ZBLL T 14', 'R D\' R\' U R2 U\' R2 U\' R2 U2 R\' D R\''),
(87, 2, 'ZBLL T 15', 'y R U R\' U R U R\' U2 L R U\' R\' U L\''),
(88, 2, 'ZBLL T 16', 'y2 F R U R\' U\' R\' F\' U2 R U R U\' R2 U2 R'),
(89, 2, 'ZBLL T 17', 'R U R D R\' U\' R D\' R2'),
(90, 2, 'ZBLL T 18', 'R2\' D\' R U2 R\' D R2 U R\' U\' R U R\' U\' R U R\' U R'),
(91, 2, 'ZBLL T 19', 'L U2 L\' F\' U L U\' L\' U\' F L U\' L\''),
(92, 2, 'ZBLL T 20', 'y\' R U S\' R\' U\' R S R2\' F R F\''),
(93, 2, 'ZBLL T 21', 'y\' R U2 R\' U2 R\' F R U R U\' R\' F\''),
(94, 2, 'ZBLL T 22', 'y\' F\' U\' L\' U2 L U\' L\' U\' L F'),
(95, 2, 'ZBLL T 23', 'y\' R U\' r\' U2 F\' U2 F U2 M\''),
(96, 2, 'ZBLL T 24', 'y2 R L\' U R\' U\' L U R U R\' U\' R U\' R\''),
(97, 2, 'ZBLL T 25', 'R\' U R U2 L\' R\' U R U\' L'),
(98, 2, 'ZBLL T 26', 'y F\' U\' F R U R\' U\' x\' R2 U\' R\' U R\' x'),
(99, 2, 'ZBLL T 27', 'y2 R U\' R\' U2 L R U\' R\' U L\''),
(100, 2, 'ZBLL T 28', 'y f R f\' R\' U\' R U R2 F R F\' R'),
(101, 2, 'ZBLL T 29', 'r\' U\' R\' F2 R F\' R\' F2 R2 U\' R\' U2 r'),
(102, 2, 'ZBLL T 30', 'R\' U2 R U R\' U R F U R U2 R\' U R U R\' F\''),
(103, 2, 'ZBLL T 31', 'y2 r U\' r U2 R\' F R U2 r2 F'),
(104, 2, 'ZBLL T 32', 'y2 F R U\' R\' S U\' R U f\' U R2\' F R F\' R'),
(105, 2, 'ZBLL T 33', 'y2 R\' U\' R U\' R\' U R F U\' R\' U2 R U F\''),
(106, 2, 'ZBLL T 34', 'R U R\' U R U\' R\' U\' L\' U2 R U2 R\' U2 L'),
(107, 2, 'ZBLL T 35', 'F U\' R\' U2 R U F\' R\' U\' R U R\' U R'),
(108, 2, 'ZBLL T 36', 'y L\' U2 R U2 R\' U2 L U R U R\' U\' R U\' R\''),
(109, 2, 'ZBLL T 37', 'y R U R\' L\' U2 R U\' R\' U2 L U R U\' R\''),
(110, 2, 'ZBLL T 38', 'R\' U2 R\' D\' R U2 R\' D R\' U R\' U R U2 R\''),
(111, 2, 'ZBLL T 39', 'y R\' U\' R U\' F U\' R\' U R U F\' R\' U R'),
(112, 2, 'ZBLL T 40', 'y2 R U2 R D R\' U2 R D\' R U\' R U\' R\' U2 R'),
(113, 2, 'ZBLL T 41', 'y\' l\' U2 R\' D2 R U2 R\' D2 R2 x\''),
(114, 2, 'ZBLL T 42', 'y\' l U2 R D2 R\' U2 R D2 R2 x'),
(115, 2, 'ZBLL T 43', 'y2 F R U R\' U\' R U\' R\' U\' R U R\' F\''),
(116, 2, 'ZBLL T 44', 'y\' R U R\' U2 R U\' R\' U2 R U\' R2 F\' R U R U\' R\' F'),
(117, 2, 'ZBLL T 45', 'y R\' U\' R\' D\' R U R\' D R U\' R U\' R\' U2 R'),
(118, 2, 'ZBLL T 46', 'y R U R D R\' U\' R D\' R\' U R\' U R U2 R\''),
(119, 2, 'ZBLL T 47', 'R\' U R2 D R\' U R D\' R\' U R\' U\' R U\' R\' U\' R'),
(120, 2, 'ZBLL T 48', 'R U R\' U L\' U2 L U L\' U2 R U\' M\' x\''),
(121, 2, 'ZBLL T 49', 'F U R\' D\' r U2 r\' D R2 U\' R\' U F\''),
(122, 2, 'ZBLL T 50', 'R\' U D\' R U2 R\' D R\' U\' R U2 R\' U\' R2'),
(123, 2, 'ZBLL T 51', 'y R U\' R2 D\' r U2 r\' D R2 U\' R\' U\' R U\' R\''),
(124, 2, 'ZBLL T 52', 'R2 U R\' D\' R U R\' D R\' U\' R2 U\' R2'),
(125, 2, 'ZBLL T 53', 'z D R2 D\' R U R\' D R U2 R D\' R\' U z\''),
(126, 2, 'ZBLL T 54', 'y2 R2 F R U R\' U\' R\' F\' R\' U\' R2 U2 R U2 R'),
(127, 2, 'ZBLL T 55', 'y2 R U\' R2 D\' r U2 r\' D R2 U R\''),
(128, 2, 'ZBLL T 56', 'R\' U R2 D r\' U2 r D\' R2 U\' R'),
(129, 2, 'ZBLL T 57', 'y2 R2 U\' R D R\' U\' R D\' R U R2 U R2'),
(130, 2, 'ZBLL T 58', 'y\' R\' D R\' U R U2 R\' U R D\' R U2 R\' U\' R'),
(131, 2, 'ZBLL T 59', 'y\' R2 U\' R U F\' U2 R\' U2 R F U\' R'),
(132, 2, 'ZBLL T 60', 'y R U R\' U R U R2 D\' r U2 r\' D R2 U R\''),
(133, 2, 'ZBLL T 61', 'y\' R\' U\' R U\' R\' U2 R U R\' U2 R U R\' U R'),
(134, 2, 'ZBLL T 62', 'R\' U R U2 R\' U\' R U2 R\' U\' R U\' R\' U R'),
(135, 2, 'ZBLL T 63', 'y\' R U R\' U R U\' R\' U R\' U\' R2 U\' R2 U2 R'),
(136, 2, 'ZBLL T 64', 'R U2 R\' U\' R U\' R\' U R U R\' U R U2 R\''),
(137, 2, 'ZBLL T 65', 'y\' R\' U\' R U\' R\' U R U\' R U R2 U R2 U2 R\''),
(138, 2, 'ZBLL T 66', 'y2 R\' U2 R U R\' U R U\' R\' U\' R U\' R\' U2 R'),
(139, 2, 'ZBLL T 67', 'y\' R\' U\' R2 U R2 U R2 U2 R\' U R\' U R'),
(140, 2, 'ZBLL T 68', 'R U\' R2\' F R F\' R U\' f R\' f\' U\' R\'	'),
(141, 2, 'ZBLL T 69', 'R U2 R\' U\' R U\' R2 U2 R U R\' U R'),
(142, 2, 'ZBLL T 70', 'y2 R\' U2 R U R\' U R2 U2 R\' U\' R U\' R\''),
(143, 2, 'ZBLL T 71', 'R\' U R U2 R\' U\' R U\' R U R\' U\' R\' U\' R U R U\' R\''),
(144, 2, 'ZBLL T 72', 'y\' R U R\' U R U2 R\' U2 R\' U\' R U\' R\' U2 R'),
(145, 3, 'ZBLL L 1', 'y2 R\' U\' R U\' R\' U2 R\' D\' R U2 R\' D R U2 R'),
(146, 3, 'ZBLL L 2', 'R U\' L\' U R\' U\' L2 U2 L\' U\' L U\' L\''),
(147, 3, 'ZBLL L 3', 'R D r\' U2 r D\' R\' U2 R\' U\' R'),
(148, 3, 'ZBLL L 4', 'y\' R\' U2 R\' D\' r U2 r\' D R2'),
(149, 3, 'ZBLL L 5', 'y\' R\' U2 R U2 R\' U\' R2 D R\' U2 R D\' R2 U2 R'),
(150, 3, 'ZBLL L 6', 'y\' R\' U2 R\' D\' R U2 R\' D R2'),
(151, 3, 'ZBLL L 7', 'y2 R\' U\' R U\' R\' U\' R U2 R D r\' U2 r D\' R\''),
(152, 3, 'ZBLL L 8', 'R U2 R\' F U2 F\' U\' R F U\' F\' U2 R\''),
(153, 3, 'ZBLL L 9', 'y\' R U\' R D R\' U\' R U2 R\' U\' R D\' U\' R\' U R\'	'),
(154, 3, 'ZBLL L 10', 'y\' R U R\' U\' R U\' R\' U L\' U R U\' L U\' R\''),
(155, 3, 'ZBLL L 11', 'y\' R\' U R2 D R\' U R D\' R\' U2 R\' U R U R\' U\' R'),
(156, 3, 'ZBLL L 12', 'y2 R U\' R2 F2 R U2 R U2 R\' F2 U2 R U\' R\' '),
(157, 3, 'ZBLL L 13', 'y R U R\' U\' R B2 R\' U2 R U2 R B2 R2'),
(158, 3, 'ZBLL L 14', 'R\' U\' R U2 L\' U R\' U R U\' R\' U2 R L	'),
(159, 3, 'ZBLL L 15', 'y\' L U\' R U R\' L\' U2 R U\' R\' U\' R U\' R\'	'),
(160, 3, 'ZBLL L 16', 'y\' R\' U2 R2 U R\' U\' R\' U2 F R U R U\' R\' F\'	'),
(161, 3, 'ZBLL L 17', 'y\' R\' U\' R U\' R\' U R U\' R\' U R U\' R2 D\' R U2 R\' D R2	'),
(162, 3, 'ZBLL L 18', 'y R2 D R\' U R D\' R\' U\' R\''),
(163, 3, 'ZBLL L 19', 'y L U L\' F\' U L U L\' U\' F L U2 L\'	'),
(164, 3, 'ZBLL L 20', 'y\' L R U\' R\' U L\' R U R\' U R U\' R\'	'),
(165, 3, 'ZBLL L 21', 'S U2 R\' U2 R U2 F R f\' '),
(166, 3, 'ZBLL L 22', 'y\' R U R\' U R U\' R\' U\' L\' U R U\' M\' x\''),
(167, 3, 'ZBLL L 23', 'F R U R\' U\' R\' F\' R U2 R U2 R\''),
(168, 3, 'ZBLL L 24', 'y\' F\' r\' F r U r\' F2 r U F'),
(169, 3, 'ZBLL L 25', 'y2 R2 D\' r U2 M U R\' D R U R'),
(170, 3, 'ZBLL L 26', 'L\' U R\' U\' R L U2 R\' U R U R\' U R '),
(171, 3, 'ZBLL L 27', 'y\' R U R\' U2 L U\' R U\' R\' U R U2 R\' L\''),
(172, 3, 'ZBLL L 28', 'y F\' R U2 R\' U2 R\' F U2 R U R U\' R2 U2 R'),
(173, 3, 'ZBLL L 29', 'y2 R2 D\' R U\' R\' D R U R'),
(174, 3, 'ZBLL L 30', 'R U R\' U R U\' R\' U R U\' R\' U R2 D R\' U2 R D\' R2\''),
(175, 3, 'ZBLL L 31', 'L\' R\' U R U\' R\' L U\' R U\' R\' U R'),
(176, 3, 'ZBLL L 32', 'R\' U\' R F U\' R\' U\' R U F\' R\' U2 R'),
(177, 3, 'ZBLL L 33', 'y F\' R U2 R\' U2 R\' F R U R U\' R\''),
(178, 3, 'ZBLL L 34', 'y2 r\' F\' U\' F2 U R U\' R\' F\' R U M\''),
(179, 3, 'ZBLL L 35', 'y\' R\' U\' R\' D\' R U2 R\' D R U R U\' R\' U\' R'),
(180, 3, 'ZBLL L 36', 'y2 F R U\' R\' U\' R U2 R\' U\' F\''),
(181, 3, 'ZBLL L 37', 'S R U R\' U\' F\' U2 F U R U R\' S\''),
(182, 3, 'ZBLL L 38', 'y R U2 R\' U\' R2 D R\' U\' R D\' R2'),
(183, 3, 'ZBLL L 39', 'y L\' U R U\' L U R2 U2 R U R\' U R'),
(184, 3, 'ZBLL L 40', 'R U2 R D r\' U2 r D\' R2'),
(185, 3, 'ZBLL L 41', 'R U2 R D R\' U2 R D\' R2'),
(186, 3, 'ZBLL L 42', 'R U2 R\' U2 R U R2 D\' R U2 R\' D R2 U2 R\''),
(187, 3, 'ZBLL L 43', 'y F R U R\' U\' R\' F\' U\' R U R U\' R\' U\' R\' U R'),
(188, 3, 'ZBLL L 44', 'y R U R\' U R U R\' U2 R\' D\' r U2 r\' D R'),
(189, 3, 'ZBLL L 45', 'R U\' R2\' D\' R U\' R\' D R U2 R U\' R\' U\' R U R\'	'),
(190, 3, 'ZBLL L 46', 'R\' U\' R U R\' U R U\' L U\' R\' U L\' U R'),
(191, 3, 'ZBLL L 47', 'R\' U R\' D\' R U R\' U2 R U R\' U D R U\' R'),
(192, 3, 'ZBLL L 48', 'y2 R\' F\' R U R\' U\' R\' F D\' R U\' R\' D R2 U R\' U R'),
(193, 3, 'ZBLL L 49', 'r U2 r2 F R F\' r2 R\' U2 r\''),
(194, 3, 'ZBLL L 50', 'y\' R U2 R\' U\' L\' U2 R U M\' x\' U L\' U L'),
(195, 3, 'ZBLL L 51', 'y2 L\' U2 L U R U2 L\' U\' M\' x\' U\' R U\' R\''),
(196, 3, 'ZBLL L 52', 'y\' r U2 R r2 F R\' F\' r2 U2 r\''),
(197, 3, 'ZBLL L 53', 'y\' r U M U R\' U\' r U\' r\' F U R U\' R\' F\''),
(198, 3, 'ZBLL L 54', 'F R U R\' U\' F\' r U r\' U R U\' M\' U\' r\''),
(199, 3, 'ZBLL L 55', 'y x\' r2 U\' r U2 R\' F R U2 x r2 U r\''),
(200, 3, 'ZBLL L 56', 'x r2 U r\' U2 R B\' R\' U2 x\' r2 U\' r'),
(201, 3, 'ZBLL L 57', ' r U2 R2 F R F\' R U2 r\''),
(202, 3, 'ZBLL L 58', 'F R U R2 F R F\' R U\' R\' F\''),
(203, 3, 'ZBLL L 59', 'y R\' F2 r2 U\' r\' F r\' F2 R'),
(204, 3, 'ZBLL L 60', 'y\' R U D\' R U R\' D R2 U\' R U R2 U2 R\''),
(205, 3, 'ZBLL L 61', 'y2 R2 U R\' U R\' U\' R U\' R\' U\' R U R U\' R2'),
(206, 3, 'ZBLL L 62', 'R U2 R\' U\' R U\' R\' U R\' U2 R U R\' U R'),
(207, 3, 'ZBLL L 63', 'R U R\' U R U2 R\' U R\' U\' R U\' R\' U2 R'),
(208, 3, 'ZBLL L 64', 'y R\' U2 R U R\' U R2 U2 R\' U\' R U R\' U\' R U\' R\''),
(209, 3, 'ZBLL L 65', 'y\' R\' U2 R U R\' U R U\' R U2 R\' U\' R U\' R\''),
(210, 3, 'ZBLL L 66', 'y R U R\' U R U\' R\' U R U2 R2 U\' R U\' R\' U2 R '),
(211, 3, 'ZBLL L 67', 'y\' R\' U\' R U\' R\' U2 R U\' R U R\' U R U2 R\''),
(212, 3, 'ZBLL L 68', 'y\' R2 U R\' U\' R\' U R U R\' U R U\' R U\' R2'),
(213, 3, 'ZBLL L 69', 'R U2 R\' U\' R U\' R\' U2 R U R\' U R U2 R\''),
(214, 3, 'ZBLL L 70', 'R U R\' U R U2 R\' U2 R U2 R\' U\' R U\' R\' '),
(215, 3, 'ZBLL L 71', 'y x\' D R2 U\' R\' U R U\' R\' U R U\' R\' U R\' D\' x'),
(216, 3, 'ZBLL L 72', 'y2 L\' U L R U2 R\' U\' R U\' R\' L\' U2 L '),
(217, 4, 'ZBLL Pi 1', ''),
(218, 4, 'ZBLL Pi 2', ''),
(219, 4, 'ZBLL Pi 3', ''),
(220, 4, 'ZBLL Pi 4', ''),
(221, 4, 'ZBLL Pi 5', ''),
(222, 4, 'ZBLL Pi 6', ''),
(223, 4, 'ZBLL Pi 7', ''),
(224, 4, 'ZBLL Pi 8', ''),
(225, 4, 'ZBLL Pi 9', ''),
(226, 4, 'ZBLL Pi 10', ''),
(227, 4, 'ZBLL Pi 11', ''),
(228, 4, 'ZBLL Pi 12', ''),
(229, 4, 'ZBLL Pi 13', ''),
(230, 4, 'ZBLL Pi 14', ''),
(231, 4, 'ZBLL Pi 15', ''),
(232, 4, 'ZBLL Pi 16', ''),
(233, 4, 'ZBLL Pi 17', ''),
(234, 4, 'ZBLL Pi 18', ''),
(235, 4, 'ZBLL Pi 19', ''),
(236, 4, 'ZBLL Pi 20', ''),
(237, 4, 'ZBLL Pi 21', ''),
(238, 4, 'ZBLL Pi 22', ''),
(239, 4, 'ZBLL Pi 23', ''),
(240, 4, 'ZBLL Pi 24', ''),
(241, 4, 'ZBLL Pi 25', ''),
(242, 4, 'ZBLL Pi 26', ''),
(243, 4, 'ZBLL Pi 27', ''),
(244, 4, 'ZBLL Pi 28', ''),
(245, 4, 'ZBLL Pi 29', ''),
(246, 4, 'ZBLL Pi 30', ''),
(247, 4, 'ZBLL Pi 31', ''),
(248, 4, 'ZBLL Pi 32', ''),
(249, 4, 'ZBLL Pi 33', ''),
(250, 4, 'ZBLL Pi 34', ''),
(251, 4, 'ZBLL Pi 35', ''),
(252, 4, 'ZBLL Pi 36', ''),
(253, 4, 'ZBLL Pi 37', ''),
(254, 4, 'ZBLL Pi 38', ''),
(255, 4, 'ZBLL Pi 39', ''),
(256, 4, 'ZBLL Pi 40', ''),
(257, 4, 'ZBLL Pi 41', ''),
(258, 4, 'ZBLL Pi 42', ''),
(259, 4, 'ZBLL Pi 43', ''),
(260, 4, 'ZBLL Pi 44', ''),
(261, 4, 'ZBLL Pi 45', ''),
(262, 4, 'ZBLL Pi 46', ''),
(263, 4, 'ZBLL Pi 47', ''),
(264, 4, 'ZBLL Pi 48', ''),
(265, 4, 'ZBLL Pi 49', ''),
(266, 4, 'ZBLL Pi 50', ''),
(267, 4, 'ZBLL Pi 51', ''),
(268, 4, 'ZBLL Pi 52', ''),
(269, 4, 'ZBLL Pi 53', ''),
(270, 4, 'ZBLL Pi 54', ''),
(271, 4, 'ZBLL Pi 55', ''),
(272, 4, 'ZBLL Pi 56', ''),
(273, 4, 'ZBLL Pi 57', ''),
(274, 4, 'ZBLL Pi 58', ''),
(275, 4, 'ZBLL Pi 59', ''),
(276, 4, 'ZBLL Pi 60', ''),
(277, 4, 'ZBLL Pi 61', ''),
(278, 4, 'ZBLL Pi 62', ''),
(279, 4, 'ZBLL Pi 63', ''),
(280, 4, 'ZBLL Pi 64', ''),
(281, 4, 'ZBLL Pi 65', ''),
(282, 4, 'ZBLL Pi 66', ''),
(283, 4, 'ZBLL Pi 67', ''),
(284, 4, 'ZBLL Pi 68', ''),
(285, 4, 'ZBLL Pi 69', ''),
(286, 4, 'ZBLL Pi 70', ''),
(287, 4, 'ZBLL Pi 71', ''),
(288, 4, 'ZBLL Pi 72', ''),
(289, 5, 'ZBLL H 1', ''),
(290, 5, 'ZBLL H 2', ''),
(291, 5, 'ZBLL H 3', ''),
(292, 5, 'ZBLL H 4', ''),
(293, 5, 'ZBLL H 5', ''),
(294, 5, 'ZBLL H 6', ''),
(295, 5, 'ZBLL H 7', ''),
(296, 5, 'ZBLL H 8', ''),
(297, 5, 'ZBLL H 9', ''),
(298, 5, 'ZBLL H 10', ''),
(299, 5, 'ZBLL H 11', ''),
(300, 5, 'ZBLL H 12', ''),
(301, 5, 'ZBLL H 13', ''),
(302, 5, 'ZBLL H 14', ''),
(303, 5, 'ZBLL H 15', ''),
(304, 5, 'ZBLL H 16', ''),
(305, 5, 'ZBLL H 17', ''),
(306, 5, 'ZBLL H 18', ''),
(307, 5, 'ZBLL H 19', ''),
(308, 5, 'ZBLL H 20', ''),
(309, 5, 'ZBLL H 21', ''),
(310, 5, 'ZBLL H 22', ''),
(311, 5, 'ZBLL H 23', ''),
(312, 5, 'ZBLL H 24', ''),
(313, 5, 'ZBLL H 25', ''),
(314, 5, 'ZBLL H 26', ''),
(315, 5, 'ZBLL H 27', ''),
(316, 5, 'ZBLL H 28', ''),
(317, 5, 'ZBLL H 29', ''),
(318, 5, 'ZBLL H 30', ''),
(319, 5, 'ZBLL H 31', ''),
(320, 5, 'ZBLL H 32', ''),
(321, 5, 'ZBLL H 33', 'R U R\' U R U\' R\' U R U2\' R\''),
(322, 5, 'ZBLL H 34', 'R\' U\' R U\' R\' U R U\' R\' U2 R'),
(323, 5, 'ZBLL H 35', 'y\' R\' U2 R U R\' U\' R U R\' U R'),
(324, 5, 'ZBLL H 36', 'y\' R U2 R\' U\' R U R\' U\' R U\' R\''),
(325, 5, 'ZBLL H 37', ''),
(326, 5, 'ZBLL H 38', ''),
(327, 5, 'ZBLL H 39', ''),
(328, 5, 'ZBLL H 40', ''),
(329, 6, 'ZBLL S 1', 'L\' U2 L U2 R U\' L\' U R\' L'),
(330, 6, 'ZBLL S 2', 'y R U2 R D R\' U\' R D\' R2 U R U2 R\''),
(331, 6, 'ZBLL S 3', 'R\' U R U2 R\' U R2 D R\' U R D\' R\''),
(332, 6, 'ZBLL S 4', 'y2  S\' U2 L\' U2 L U2 L F\' L\' f'),
(333, 6, 'ZBLL S 5', ' L\' R U R\' U\' L U R U2 L\' U R\' U\' L '),
(334, 6, 'ZBLL S 6', ' y\' R\' U2 R\' D R\' U R D\' R U R U\' R U\' R\' '),
(335, 6, 'ZBLL S 7', ' R\' U L\' U2 R U\' R\' U2 R U2 L U L\' U L '),
(336, 6, 'ZBLL S 8', ' y2 R U R\' U R2 D r\' U2 r D\' R2 U '),
(337, 6, 'ZBLL S 9', ' y\' R\' U2 R\' D R\' U R D\' R\' U\' R\' U R\' U R '),
(338, 6, 'ZBLL S 10', ' y2 R U R\' U R2 D R\' U2 R D\' R2 '),
(339, 6, 'ZBLL S 11', 'y\' R\' D\' R U2 R\' D R U\' R U R\' U2 R U R\''),
(340, 6, 'ZBLL S 12', ' R U2 R D R\' U2 R D\' R\' U R\' U R U2 R\' '),
(341, 6, 'ZBLL S 13', 'y2 R U\' R\' U\' R U\' R\' U2 R U R2 D\' R U2 R\' D R'),
(342, 6, 'ZBLL S 14', 'y R2 F2 D r\' U2 r D\' F2 R3 U2 R\''),
(343, 6, 'ZBLL S 15', 'y R\' U\' F2 U\' R2 U R2 U F2 R2 U2 R\''),
(344, 6, 'ZBLL S 16', 'y2 R U2 R\' U L\' U2 R U R\' U2 L U R U\' R\''),
(345, 6, 'ZBLL S 17', ' y\' F R\' U R U F\' R\' U F U F\' R '),
(346, 6, 'ZBLL S 18', ' y\' F R\' U2 R F\' R\' F U2 F\' R '),
(347, 6, 'ZBLL S 19', 'R\' F M2 U2 r U r\' U2 R r2 F\' R2'),
(348, 6, 'ZBLL S 20', 'y\' F R U R\' U\' R\' F\' U2 R U R U\' R\' U R\' U R'),
(349, 6, 'ZBLL S 21', 'y\' R\' U2 R\' D\' R U R\' D R U\' R U R\' U R '),
(350, 6, 'ZBLL S 22', 'y2 R U R\' U R U\' R D R\' U R D\' R\' U2 R\' '),
(351, 6, 'ZBLL S 23', ' y\' R U R\' U R U\' R D R\' U\' R D\' R2 '),
(352, 6, 'ZBLL S 24', ' y2 R2 D\' R U\' R\' D R U\' R U R\' U R '),
(353, 6, 'ZBLL S 25', 'R2 D R\' U2 R D\' R\' U\' R\' U R U2 R\''),
(354, 6, 'ZBLL S 26', 'y\' R\' U2 F\' R U R\' U\' R\' F R U2 R'),
(355, 6, 'ZBLL S 27', 'y R\' U2 R U R\' U\' R\' D\' R U2 R\' D R2'),
(356, 6, 'ZBLL S 28', 'L U2 L F L\' U\' L\' U L F\' U2 L\''),
(357, 6, 'ZBLL S 29', ' R U\' L\' U R\' U\' L '),
(358, 6, 'ZBLL S 30', 'R2 S2 R\' U\' r\' F R\' F\' r\' S2 r2'),
(359, 6, 'ZBLL S 31', 'R U\' R\' U R U\' R\' F R\' F\' R U\' F\' U F'),
(360, 6, 'ZBLL S 32', 'y2 R U R\' F\' R U R\' U R U\' R\' U\' R\' F R2 U\' R\''),
(361, 6, 'ZBLL S 33', 'y R\' U\' R\' U R2 U2 D\' R U R\' U\' D R\''),
(362, 6, 'ZBLL S 34', 'y2 L U\' R\' U L\' R\' U\' R3 U\' R\' U R U R2\' '),
(363, 6, 'ZBLL S 35', 'R2\' U R U R\' U\' R3 U\' R\' L\' U R\' U\' L'),
(364, 6, 'ZBLL S 36', 'y\' R\' U\' D R\' U R U2 D\' R2 U R\' U\' R\''),
(365, 6, 'ZBLL S 37', ' L\' R U R\' U\' L U2 R U2 R\' '),
(366, 6, 'ZBLL S 38', ' y R\' D\' R U R\' D R2 U R\' U2 R U R\' '),
(367, 6, 'ZBLL S 39', ' y R\' U2 R U R2 D\' R U\' R\' D R U2 R '),
(368, 6, 'ZBLL S 40', ' f R\' F\' R U2 R U2 R\' U2 S\' '),
(369, 6, 'ZBLL S 41', 'y R U\' L\' U R\' U2 L U R U\' L\' U R\' L'),
(370, 6, 'ZBLL S 42', 'y L U\' R\' U L\' U R\' D\' R U2 R\' D R2 '),
(371, 6, 'ZBLL S 43', ' y2 R2 D\' r U2 r\' D R2 U R\' U R '),
(372, 6, 'ZBLL S 44', 'F U R U\' R\' S R\' F\' R U R U\' R\' S\''),
(373, 6, 'ZBLL S 45', 'y R U R2 F\' r U R U\' r\' F U R U2 R\''),
(374, 6, 'ZBLL S 46', ' R\' U2 R U R\' U R\' D\' R U2 R\' D R U2 R '),
(375, 6, 'ZBLL S 47', ' R2 F R U R U\' R\' F\' R U\' R\' U R '),
(376, 6, 'ZBLL S 48', ' y2 R2 D\' R U2 R\' D R2 U R\' U R '),
(377, 6, 'ZBLL S 49', ' y R U2 R\' L\' U2 R U2 R\' U2 L U\' R U\' R\' '),
(378, 6, 'ZBLL S 50', ' y F U R\' F R F\' R U\' R\' U R U\' R\' F\' '),
(379, 6, 'ZBLL S 51', ' y\' R U\' R2 U2 D\' R U R\' U D R2 U R\' '),
(380, 6, 'ZBLL S 52', ' y\' R\' U\' R U\' L U2 R\' U2 R U2 L\' R\' U2 R '),
(381, 6, 'ZBLL S 53', 'y\' R\' U\' F U R U\' R\' F\' R2 U R\' U\' R\' F R F\''),
(382, 6, 'ZBLL S 54', 'z D R\' U\' R D\' F\' r U R U\' r\' F R2 U z\''),
(383, 6, 'ZBLL S 55', ' R\' U2 R U R\' U\' R F U\' R\' U\' R U F\' '),
(384, 6, 'ZBLL S 56', ' y\' R U2 L\' U R\' U\' L R U\' R\' U R U2 R\' '),
(385, 6, 'ZBLL S 57', ' y2 R U R\' U L\' U R U\' L U2 R\' '),
(386, 6, 'ZBLL S 58', ' F U\' R\' U R U F\' R U R2 U R2 U2 R\' '),
(387, 6, 'ZBLL S 59', ' R\' U2 L U\' R U L\' U R\' U R '),
(388, 6, 'ZBLL S 60', ' F R U\' R2 U2 R U R\' U R2 U R\' F\' '),
(389, 6, 'ZBLL S 61', ' y\' R U R\' U\' R\' U2 R U R\' U R U\' R U\' R\' '),
(390, 6, 'ZBLL S 62', ' R U R\' U R U\' R\' U R\' U\' R2 U\' R\' U R\' U R '),
(391, 6, 'ZBLL S 63', ' R U R2 U\' R2 U\' R2 U2 R2 U2 R\' '),
(392, 6, 'ZBLL S 64', ' y\' R\' U2 R U R\' U R '),
(393, 6, 'ZBLL S 65', ' R U R\' U R U R U R U R U\' R\' U\' R2 '),
(394, 6, 'ZBLL S 66', ' y R U R\' U R\' U\' R2 U\' R\' U R\' U\' R U R\' U R '),
(395, 6, 'ZBLL S 67', ' R U R\' U R U2 R\' '),
(396, 6, 'ZBLL S 68', ' R\' U2 R2 U2 R2 U\' R2 U\' R2 U R '),
(397, 6, 'ZBLL S 69', ' y\' R U R\' U\' R\' U2 R U R U\' R\' U R\' U R '),
(398, 6, 'ZBLL S 70', ' y\' R\' U\' R U R U R\' U\' R\' U R U R U\' R\' '),
(399, 6, 'ZBLL S 71', ' y\' R\' U2 R2 U R2 U R U\' R U\' R\' '),
(400, 6, 'ZBLL S 72', 'R U\' R\' S R2 S\' R\' U2\' R2\' U\' R2 U R'),
(401, 7, 'ZBLL AS 1', 'y\' R U R2 F\' U\' F U R F R\' F\' R2 U2 R\'	'),
(402, 7, 'ZBLL AS 2', 'R\' U2 F\' R U R\' U\' R\' F R2 U R\' U R'),
(403, 7, 'ZBLL AS 3', 'y2 R U2 R F2 D r\' U2 r D\' F2 R2 '),
(404, 7, 'ZBLL AS 4', 'r U\' r\' U2 R\' F R U2 F2 U\' R U\' R\' F\''),
(405, 7, 'ZBLL AS 5', 'R\' F U2 F\' R F R\' U2 R F\''),
(406, 7, 'ZBLL AS 6', 'R\' F U\' F\' U\' R F U\' R\' U\' R F\' '),
(407, 7, 'ZBLL AS 7', 'y2 R2 F M\' r U2 r U\' r\' U2 M2 F\' R'),
(408, 7, 'ZBLL AS 8', 'R\' U\' R U\' R U R\' U\' R\' U2 F R U R U\' R\' F\''),
(409, 7, 'ZBLL AS 9', 'R\' U\' R U\' R\' U R\' D\' R U\' R\' D R U2 R'),
(410, 7, 'ZBLL AS 10', 'y\' R U2 R D R\' U\' R D\' R\' U R\' U\' R U\' R\''),
(411, 7, 'ZBLL AS 11', 'R2 D R\' U R D\' R\' U R\' U\' R U\' R\''),
(412, 7, 'ZBLL AS 12', 'y\' R\' U\' R U\' R\' U R\' D\' R U R\' D R2	'),
(413, 7, 'ZBLL AS 13', 'y2 R U\' R\' U2 R U\' R2 D\' R U\' R\' D R '),
(414, 7, 'ZBLL AS 14', 'y2  S U2 R U2 R\' U2 R\' F R f\' '),
(415, 7, 'ZBLL AS 15', 'R U2 R\' U2 L\' U R U\' M\' x\' '),
(416, 7, 'ZBLL AS 16', 'y R\' U2 R\' D\'R U R\' D R2 U\' R\' U2 R'),
(417, 7, 'ZBLL AS 17', 'y\' R U R\' U R\' F U\' R2 U\' R2 U F\' U R '),
(418, 7, 'ZBLL AS 18', 'L\' R U\' L U R\' U\' L\' U2 R U\' L U R\' '),
(419, 7, 'ZBLL AS 19', 'S R U R\' U\' R\' F R S\' R U R\' U\' F\''),
(420, 7, 'ZBLL AS 20', 'R\' U\' R U\' R2 D\' r U2 r\' D R2'),
(421, 7, 'ZBLL AS 21', 'R\' U\' R U\' R2 D\' R U2 R\' D R2'),
(422, 7, 'ZBLL AS 22', 'y\' R U2 R\' U\' F\' r U R\' U\' r\' F R2 U\' R\' '),
(423, 7, 'ZBLL AS 23', 'y2 R\' U2 R\' D\' R U2 R\' D R U\' R U\' R\' U2 R'),
(424, 7, 'ZBLL AS 24', 'y2  R\' U\' R U R\' F R U R\' U\' R\' F\' R2 '),
(425, 7, 'ZBLL AS 25', 'y R U2 R\' U\' R U R D R\' U2 R D\' R2'),
(426, 7, 'ZBLL AS 26', 'R\' U2 R\' F\' R U R U\' R\' F U2 R'),
(427, 7, 'ZBLL AS 27', 'y2 R2 D\' R U2 R\' D R U R U\' R\' U2 R'),
(428, 7, 'ZBLL AS 28', 'y L U2 F L\' U\' L U L F\' L\' U2 L\' '),
(429, 7, 'ZBLL AS 29', 'R U R\' U R2 D\' R U\' R\' D R\' U\' R2 U2 R'),
(430, 7, 'ZBLL AS 30', 'L\' U R U\' L U R\' '),
(431, 7, 'ZBLL AS 31', 'R U R\' U R U L\' U R\' U L U L\' U L'),
(432, 7, 'ZBLL AS 32', 'R\' U\' R D\' R U\' R\' U R2 U R\' U\' R2 D'),
(433, 7, 'ZBLL AS 33', 'y M2 U M U2 R\' F R F\' r U M r\' '),
(434, 7, 'ZBLL AS 34', 'y2 S U\' R U R U\' R2 U R F R\' f\' '),
(435, 7, 'ZBLL AS 35', 'y F\' U\' f R U R2 U\' R U R U\' S\''),
(436, 7, 'ZBLL AS 36', 'M\' R\' F R F\' r U r\' U2 M\' U M2	'),
(437, 7, 'ZBLL AS 37', 'y2 R U R\' F\' R U R\' U\' R\' F R2 U R\' U\' R U\' R\' '),
(438, 7, 'ZBLL AS 38', 'f\' L F L\' U2\' L\' U2 L U2 S'),
(439, 7, 'ZBLL AS 39', 'x M U\' L U R\' U2 L\' U2 L '),
(440, 7, 'ZBLL AS 40', 'y R D R\' U\' R D\' R2 U\' R U2 R\' U\' R '),
(441, 7, 'ZBLL AS 41', 'y L\' U R U\' L U\' R D R\' U2 R D\' R2	'),
(442, 7, 'ZBLL AS 42', 'y\' L\' U R U\' L U2 R\' U\' L\' U R U\' L R\''),
(443, 7, 'ZBLL AS 43', 'R2 D r\' U2 r D\' R2 U\' R U\' R\''),
(444, 7, 'ZBLL AS 44', 'y2 R\' U\' R U\' R\' U2 L\' U2 L U L\' U2 R U\' L '),
(445, 7, 'ZBLL AS 45', 'y2 R U2 R\' U\' R U\' R D R\' U2 R D\' R\' U2 R\''),
(446, 7, 'ZBLL AS 46', 'y R\' U\' R U\' R U R D R\' U\' R D\' R U2 R '),
(447, 7, 'ZBLL AS 47', 'R2 D R\' U2 R D\' R2 U\' R U\' R\' '),
(448, 7, 'ZBLL AS 48', 'y2 R U R\' F\' R U2 R\' U2 R\' F R2 U\' R\' '),
(449, 7, 'ZBLL AS 49', 'y2  R U2 L\' U R\' U\' L U\' R U\' R\' '),
(450, 7, 'ZBLL AS 50', 'y R U2 R2\' U\' R2 U\' R\' F U\' R\' U\' R U F\'	'),
(451, 7, 'ZBLL AS 51', 'F R U\' R2 U\' R U\' R\' U2 R2 U R\' F\' '),
(452, 7, 'ZBLL AS 52', 'R\' U\' R U\' L U\' R\' U L\' U2 R'),
(453, 7, 'ZBLL AS 53', 'F R\' F\' R U R U\' R2\' F R U R\' U\' F\' U R'),
(454, 7, 'ZBLL AS 54', 'y2 R U2 R\' U\' R U L\' U L U2 R\' U\' L\' U2 L'),
(455, 7, 'ZBLL AS 55', 'y F U\' R\' U R U F\' R\' U R U\' R\' U2 R'),
(456, 7, 'ZBLL AS 56', 'y R U2 R\' U\' R U R\' L\' U R U\' L U2 R\' '),
(457, 7, 'ZBLL AS 57', 'y\' R U R\' U L\' U2 R U2 L U2 L\' R\' U2 L '),
(458, 7, 'ZBLL AS 58', 'y F R U R\' U\' R U R\' F R\' F\' R U\' F\' '),
(459, 7, 'ZBLL AS 59', 'y R\' U2 R L U2 R\' U2 R U2 L\' U R\' U R'),
(460, 7, 'ZBLL AS 60', 'y\' R\' U R2 U2 D R\' U\' R D\' U\' R2\' U\' R'),
(461, 7, 'ZBLL AS 61', 'y2 R\' U\' R U\' R\' U R U\' R U R2\' U R U\' R U\' R\' '),
(462, 7, 'ZBLL AS 62', 'y\' R\' U\' R U R U2 R\' U\' R U\' R\' U R\' U R '),
(463, 7, 'ZBLL AS 63', 'R U R\' U R\' U\' R U\' R\' U2 R U R U\' R\''),
(464, 7, 'ZBLL AS 64', 'y R\' U\' R U\' R U R2\' U R U\' R U R\' U\' R U\' R\' '),
(465, 7, 'ZBLL AS 65', 'y2 R\' U\' R2 U R2 U R2 U2 R2 U2 R '),
(466, 7, 'ZBLL AS 66', 'y\' R U2 R\' U\' R U\' R\' '),
(467, 7, 'ZBLL AS 67', 'y2 R U2 R2 U2 R2 U R2 U R2 U\' R\' '),
(468, 7, 'ZBLL AS 68', 'y2 R\' U\' R U\' R\' U2 R '),
(469, 7, 'ZBLL AS 69', 'y\' R U R\' U\' R\' U\' R U R U\' R\' U\' R\' U R '),
(470, 7, 'ZBLL AS 70', 'y\' R\' U\' R U R U2 R\' U\' R\' U R U\' R U\' R\' '),
(471, 7, 'ZBLL AS 71', 'R U R\' U R\' U\' R2 U\' R2 U2 R '),
(472, 7, 'ZBLL AS 72', 'R U R\' U R\' U\' R2 U R2 U2 R S R2 S\' ');

--
-- Indexes for dumped tables
--

--
-- Indexes for table `algs`
--
ALTER TABLE `algs`
  ADD PRIMARY KEY (`alg_id`),
  ADD KEY `FK_cases_algs` (`case_id`);

--
-- Indexes for table `algsets`
--
ALTER TABLE `algsets`
  ADD PRIMARY KEY (`algset_id`);

--
-- Indexes for table `cases`
--
ALTER TABLE `cases`
  ADD PRIMARY KEY (`case_id`),
  ADD KEY `FK_algsets_cases` (`algset_id`);

--
-- AUTO_INCREMENT for dumped tables
--

--
-- AUTO_INCREMENT for table `algs`
--
ALTER TABLE `algs`
  MODIFY `alg_id` int(11) NOT NULL AUTO_INCREMENT, AUTO_INCREMENT=505;

--
-- AUTO_INCREMENT for table `algsets`
--
ALTER TABLE `algsets`
  MODIFY `algset_id` int(11) NOT NULL AUTO_INCREMENT, AUTO_INCREMENT=8;

--
-- AUTO_INCREMENT for table `cases`
--
ALTER TABLE `cases`
  MODIFY `case_id` int(11) NOT NULL AUTO_INCREMENT, AUTO_INCREMENT=473;

--
-- Begrensninger for dumpede tabeller
--

--
-- Begrensninger for tabell `algs`
--
ALTER TABLE `algs`
  ADD CONSTRAINT `FK_cases_algs` FOREIGN KEY (`case_id`) REFERENCES `cases` (`case_id`);

--
-- Begrensninger for tabell `cases`
--
ALTER TABLE `cases`
  ADD CONSTRAINT `FK_algsets_cases` FOREIGN KEY (`algset_id`) REFERENCES `algsets` (`algset_id`);
COMMIT;

/*!40101 SET CHARACTER_SET_CLIENT=@OLD_CHARACTER_SET_CLIENT */;
/*!40101 SET CHARACTER_SET_RESULTS=@OLD_CHARACTER_SET_RESULTS */;
/*!40101 SET COLLATION_CONNECTION=@OLD_COLLATION_CONNECTION */;
